arquivo,escopo,nome,h1,h2,N1,N2,vocabulary,length,calculated_length,volume,difficulty,effort,time,bugs
src/supervision/annotators/base.py,funcao,annotate,0,0,0,0,0,0,0,0,0,0,0,0
src/supervision/annotators/core.py,funcao,_normalize_color_input,0,0,0,0,0,0,0,0,0,0,0,0
src/supervision/annotators/core.py,funcao,__init__,0,0,0,0,0,0,0,0,0,0,0,0
src/supervision/annotators/core.py,funcao,color,0,0,0,0,0,0,0,0,0,0,0,0
src/supervision/annotators/core.py,funcao,color_lookup,0,0,0,0,0,0,0,0,0,0,0,0
src/supervision/annotators/core.py,funcao,text_color,0,0,0,0,0,0,0,0,0,0,0,0
src/supervision/annotators/core.py,funcao,text_padding,0,0,0,0,0,0,0,0,0,0,0,0
src/supervision/annotators/core.py,funcao,text_anchor,0,0,0,0,0,0,0,0,0,0,0,0
src/supervision/annotators/core.py,funcao,text_offset,0,0,0,0,0,0,0,0,0,0,0,0
src/supervision/annotators/core.py,funcao,border_radius,0,0,0,0,0,0,0,0,0,0,0,0
src/supervision/annotators/core.py,funcao,smart_position,0,0,0,0,0,0,0,0,0,0,0,0
src/supervision/annotators/core.py,funcao,max_line_length,0,0,0,0,0,0,0,0,0,0,0,0
src/supervision/annotators/core.py,funcao,_adjust_labels_in_frame,1,2,1,2,3,3,2.0,4.7549,0.5,2.3774,0.1321,0.0016
src/supervision/annotators/core.py,funcao,annotate,7,25,19,35,32,54,135.7479,270.0,4.9,1323.0,73.5,0.09
src/supervision/annotators/core.py,funcao,_paint_masks_by_area,4,12,11,22,16,33,51.0196,132.0,3.6667,484.0,26.8889,0.044
src/supervision/annotators/core.py,funcao,_get_label_properties,5,20,14,27,25,41,98.0482,190.3981,3.375,642.5936,35.6996,0.0635
src/supervision/annotators/core.py,funcao,_draw_labels,6,25,23,45,31,68,131.6062,336.8853,5.4,1819.1809,101.0656,0.1123
src/supervision/annotators/core.py,funcao,draw_rounded_rectangle,4,8,17,32,12,49,32.0,175.6632,8.0,1405.3053,78.0725,0.0586
src/supervision/annotators/core.py,funcao,_load_font,1,2,1,2,3,3,2.0,4.7549,0.5,2.3774,0.1321,0.0016
src/supervision/annotators/core.py,funcao,_load_icon,1,2,1,2,3,3,2.0,4.7549,0.5,2.3774,0.1321,0.0016
src/supervision/annotators/core.py,funcao,calculate_border_coordinates,5,30,47,94,35,141,158.8164,723.2289,7.8333,5665.2931,314.7385,0.2411
src/supervision/annotators/core.py,funcao,_validate_custom_values,4,10,7,11,14,18,41.2193,68.5324,2.2,150.7713,8.3762,0.0228
src/supervision/annotators/core.py,funcao,validate_custom_values,0,0,0,0,0,0,0,0,0,0,0,0
src/supervision/annotators/core.py,funcao,calculate_crop_coordinates,5,30,47,94,35,141,158.8164,723.2289,7.8333,5665.2931,314.7385,0.2411
src/supervision/annotators/core.py,funcao,_use_obb,4,13,9,17,17,26,56.1057,106.274,2.6154,277.9475,15.4415,0.0354
src/supervision/annotators/core.py,funcao,_use_mask,4,13,9,17,17,26,56.1057,106.274,2.6154,277.9475,15.4415,0.0354
src/supervision/annotators/core.py,funcao,_mask_from_xyxy,1,2,1,2,3,3,2.0,4.7549,0.5,2.3774,0.1321,0.0016
src/supervision/annotators/core.py,funcao,_mask_from_obb,1,2,1,2,3,3,2.0,4.7549,0.5,2.3774,0.1321,0.0016
src/supervision/annotators/core.py,funcao,_mask_from_mask,2,3,2,4,5,6,6.7549,13.9316,1.3333,18.5754,1.032,0.0046
src/supervision/annotators/utils.py,funcao,list,0,0,0,0,0,0,0,0,0,0,0,0
src/supervision/annotators/utils.py,funcao,resolve_color_idx,4,11,7,14,15,21,46.0537,82.0447,2.5455,208.8411,11.6023,0.0273
src/supervision/annotators/utils.py,funcao,resolve_text_background_xyxy,5,30,47,94,35,141,158.8164,723.2289,7.8333,5665.2931,314.7385,0.2411
src/supervision/annotators/utils.py,funcao,get_color_by_index,0,0,0,0,0,0,0,0,0,0,0,0
src/supervision/annotators/utils.py,funcao,resolve_color,2,7,3,7,9,10,21.6515,31.6993,1.0,31.6993,1.7611,0.0106
src/supervision/annotators/utils.py,funcao,wrap_text,5,13,8,14,18,22,59.7154,91.7384,2.6923,246.9879,13.7215,0.0306
src/supervision/annotators/utils.py,funcao,_validate_labels,3,6,3,6,9,9,20.2647,28.5293,1.5,42.794,2.3774,0.0095
src/supervision/annotators/utils.py,funcao,validate_labels,0,0,0,0,0,0,0,0,0,0,0,0
src/supervision/annotators/utils.py,funcao,get_labels_text,2,5,3,6,7,9,13.6096,25.2662,1.2,30.3194,1.6844,0.0084
src/supervision/annotators/utils.py,funcao,snap_boxes,6,23,14,26,29,40,119.5517,194.3192,3.3913,658.9957,36.6109,0.0648
src/supervision/annotators/utils.py,funcao,__init__,0,0,0,0,0,0,0,0,0,0,0,0
src/supervision/annotators/utils.py,funcao,put,7,12,9,17,19,26,62.671,110.4461,4.9583,547.6287,30.4238,0.0368
src/supervision/annotators/utils.py,funcao,get,1,1,1,2,2,3,0,3.0,1.0,3.0,0.1667,0.001
src/supervision/annotators/utils.py,funcao,hex_to_rgba,3,6,3,6,9,9,20.2647,28.5293,1.5,42.794,2.3774,0.0095
src/supervision/annotators/utils.py,funcao,rgba_to_hex,4,8,5,8,12,13,32.0,46.6045,2.0,93.209,5.1783,0.0155
src/supervision/annotators/utils.py,funcao,is_valid_hex,0,0,0,0,0,0,0,0,0,0,0,0
src/supervision/annotators/utils.py,funcao,calculate_dynamic_kernel_size,2,6,3,6,8,9,17.5098,27.0,1.0,27.0,1.5,0.009
src/supervision/annotators/utils.py,funcao,calculate_dynamic_pixel_size,2,6,3,6,8,9,17.5098,27.0,1.0,27.0,1.5,0.009
src/supervision/assets/downloader.py,funcao,is_md5_hash_matching,2,3,2,3,5,5,6.7549,11.6096,1.0,11.6096,0.645,0.0039
src/supervision/assets/downloader.py,funcao,download_assets,2,4,3,4,6,7,10.0,18.0947,1.0,18.0947,1.0053,0.006
src/supervision/assets/list.py,funcao,__new__,0,0,0,0,0,0,0,0,0,0,0,0
src/supervision/assets/list.py,funcao,list,0,0,0,0,0,0,0,0,0,0,0,0
src/supervision/classification/core.py,funcao,_validate_class_ids,3,5,3,5,8,8,16.3645,24.0,1.5,36.0,2.0,0.008
src/supervision/classification/core.py,funcao,_validate_confidence,4,7,4,7,11,11,27.6515,38.0537,2.0,76.1075,4.2282,0.0127
src/supervision/classification/core.py,funcao,__post_init__,0,0,0,0,0,0,0,0,0,0,0,0
src/supervision/classification/core.py,funcao,__len__,0,0,0,0,0,0,0,0,0,0,0,0
src/supervision/classification/core.py,funcao,from_clip,2,3,2,3,5,5,6.7549,11.6096,1.0,11.6096,0.645,0.0039
src/supervision/classification/core.py,funcao,from_ultralytics,0,0,0,0,0,0,0,0,0,0,0,0
src/supervision/classification/core.py,funcao,from_timm,1,2,1,2,3,3,2.0,4.7549,0.5,2.3774,0.1321,0.0016
src/supervision/classification/core.py,funcao,get_top_k,2,3,2,3,5,5,6.7549,11.6096,1.0,11.6096,0.645,0.0039
src/supervision/dataset/core.py,funcao,__len__,1,2,1,2,3,3,2.0,4.7549,0.5,2.3774,0.1321,0.0016
src/supervision/dataset/core.py,funcao,split,1,4,2,4,5,6,8.0,13.9316,0.5,6.9658,0.387,0.0046
src/supervision/dataset/core.py,funcao,__init__,1,2,1,2,3,3,2.0,4.7549,0.5,2.3774,0.1321,0.0016
src/supervision/dataset/core.py,funcao,_get_image,1,2,1,2,3,3,2.0,4.7549,0.5,2.3774,0.1321,0.0016
src/supervision/dataset/core.py,funcao,__getitem__,0,0,0,0,0,0,0,0,0,0,0,0
src/supervision/dataset/core.py,funcao,__iter__,0,0,0,0,0,0,0,0,0,0,0,0
src/supervision/dataset/core.py,funcao,__eq__,3,7,6,10,10,16,24.4064,53.1508,2.1429,113.8947,6.3275,0.0177
src/supervision/dataset/core.py,funcao,merge,6,15,9,16,21,25,74.1131,109.8079,3.2,351.3854,19.5214,0.0366
src/supervision/dataset/core.py,funcao,as_pascal_voc,0,0,0,0,0,0,0,0,0,0,0,0
src/supervision/dataset/core.py,funcao,from_pascal_voc,0,0,0,0,0,0,0,0,0,0,0,0
src/supervision/dataset/core.py,funcao,from_yolo,0,0,0,0,0,0,0,0,0,0,0,0
src/supervision/dataset/core.py,funcao,as_yolo,4,14,8,17,18,25,61.303,104.2481,2.4286,253.174,14.0652,0.0347
src/supervision/dataset/core.py,funcao,from_coco,0,0,0,0,0,0,0,0,0,0,0,0
src/supervision/dataset/core.py,funcao,as_coco,1,3,2,4,4,6,4.7549,12.0,0.6667,8.0,0.4444,0.004
src/supervision/dataset/core.py,funcao,as_folder_structure,1,2,1,2,3,3,2.0,4.7549,0.5,2.3774,0.1321,0.0016
src/supervision/dataset/core.py,funcao,from_folder_structure,0,0,0,0,0,0,0,0,0,0,0,0
src/supervision/dataset/utils.py,funcao,mask_to_rle,0,0,0,0,0,0,0,0,0,0,0,0
src/supervision/dataset/utils.py,funcao,rle_to_mask,0,0,0,0,0,0,0,0,0,0,0,0
src/supervision/dataset/utils.py,funcao,approximate_mask_with_polygons,2,7,4,8,9,12,21.6515,38.0391,1.1429,43.4733,2.4152,0.0127
src/supervision/dataset/utils.py,funcao,merge_class_lists,0,0,0,0,0,0,0,0,0,0,0,0
src/supervision/dataset/utils.py,funcao,build_class_index_mapping,1,2,1,2,3,3,2.0,4.7549,0.5,2.3774,0.1321,0.0016
src/supervision/dataset/utils.py,funcao,map_detections_class_id,3,6,3,6,9,9,20.2647,28.5293,1.5,42.794,2.3774,0.0095
src/supervision/dataset/utils.py,funcao,save_dataset_images,1,2,1,2,3,3,2.0,4.7549,0.5,2.3774,0.1321,0.0016
src/supervision/dataset/utils.py,funcao,train_test_split,2,4,2,4,6,6,10.0,15.5098,1.0,15.5098,0.8617,0.0052
src/supervision/dataset/formats/coco.py,funcao,coco_categories_to_classes,0,0,0,0,0,0,0,0,0,0,0,0
src/supervision/dataset/formats/coco.py,funcao,build_coco_class_index_mapping,0,0,0,0,0,0,0,0,0,0,0,0
src/supervision/dataset/formats/coco.py,funcao,classes_to_coco_categories,1,2,1,2,3,3,2.0,4.7549,0.5,2.3774,0.1321,0.0016
src/supervision/dataset/formats/coco.py,funcao,group_coco_annotations_by_image_id,1,2,1,2,3,3,2.0,4.7549,0.5,2.3774,0.1321,0.0016
src/supervision/dataset/formats/coco.py,funcao,coco_annotations_to_masks,4,7,5,7,11,12,27.6515,41.5132,2.0,83.0264,4.6126,0.0138
src/supervision/dataset/formats/coco.py,funcao,coco_annotations_to_detections,2,3,2,3,5,5,6.7549,11.6096,1.0,11.6096,0.645,0.0039
src/supervision/dataset/formats/coco.py,funcao,_build_coco_segmentation_from_mask,2,4,2,4,6,6,10.0,15.5098,1.0,15.5098,0.8617,0.0052
src/supervision/dataset/formats/coco.py,funcao,_build_coco_segmentation_from_raw_data,4,8,5,9,12,14,32.0,50.1895,2.25,112.9263,6.2737,0.0167
src/supervision/dataset/formats/coco.py,funcao,detections_to_coco_annotations,5,12,7,14,17,21,54.6292,85.8367,2.9167,250.3571,13.9087,0.0286
src/supervision/dataset/formats/coco.py,funcao,get_coco_class_index_mapping,0,0,0,0,0,0,0,0,0,0,0,0
src/supervision/dataset/formats/coco.py,funcao,load_coco_annotations,4,7,4,8,11,12,27.6515,41.5132,2.2857,94.8873,5.2715,0.0138
src/supervision/dataset/formats/coco.py,funcao,_with_seg_mask,0,0,0,0,0,0,0,0,0,0,0,0
src/supervision/dataset/formats/coco.py,funcao,save_coco_annotations,3,6,4,8,9,12,20.2647,38.0391,2.0,76.0782,4.2266,0.0127
src/supervision/dataset/formats/pascal_voc.py,funcao,object_to_pascal_voc,2,4,3,6,6,9,10.0,23.2647,1.5,34.897,1.9387,0.0078
src/supervision/dataset/formats/pascal_voc.py,funcao,detections_to_pascal_voc,3,4,3,5,7,8,12.7549,22.4588,1.875,42.1103,2.3395,0.0075
src/supervision/dataset/formats/pascal_voc.py,funcao,load_pascal_voc_annotations,2,3,2,3,5,5,6.7549,11.6096,1.0,11.6096,0.645,0.0039
src/supervision/dataset/formats/pascal_voc.py,funcao,detections_from_xml_obj,5,11,6,12,16,18,49.6634,72.0,2.7273,196.3636,10.9091,0.024
src/supervision/dataset/formats/pascal_voc.py,funcao,_with_poly_mask,1,2,1,2,3,3,2.0,4.7549,0.5,2.3774,0.1321,0.0016
src/supervision/dataset/formats/pascal_voc.py,funcao,parse_polygon_points,2,4,2,4,6,6,10.0,15.5098,1.0,15.5098,0.8617,0.0052
src/supervision/dataset/formats/pascal_voc.py,funcao,_get_required_text,2,5,3,6,7,9,13.6096,25.2662,1.2,30.3194,1.6844,0.0084
src/supervision/dataset/formats/yolo.py,funcao,_parse_box,3,13,8,16,16,24,52.8606,96.0,1.8462,177.2308,9.8462,0.032
src/supervision/dataset/formats/yolo.py,funcao,_box_to_polygon,0,0,0,0,0,0,0,0,0,0,0,0
src/supervision/dataset/formats/yolo.py,funcao,_parse_polygon,1,1,1,1,2,2,0,2.0,0.5,1.0,0.0556,0.0007
src/supervision/dataset/formats/yolo.py,funcao,_polygons_to_masks,0,0,0,0,0,0,0,0,0,0,0,0
src/supervision/dataset/formats/yolo.py,funcao,_with_seg_mask,1,2,1,2,3,3,2.0,4.7549,0.5,2.3774,0.1321,0.0016
src/supervision/dataset/formats/yolo.py,funcao,_extract_class_names,2,5,4,5,7,9,13.6096,25.2662,1.0,25.2662,1.4037,0.0084
src/supervision/dataset/formats/yolo.py,funcao,_image_name_to_annotation_name,1,2,1,2,3,3,2.0,4.7549,0.5,2.3774,0.1321,0.0016
src/supervision/dataset/formats/yolo.py,funcao,yolo_annotations_to_detections,5,13,8,14,18,22,59.7154,91.7384,2.6923,246.9879,13.7215,0.0306
src/supervision/dataset/formats/yolo.py,funcao,load_yolo_annotations,4,8,6,10,12,16,32.0,57.3594,2.5,143.3985,7.9666,0.0191
src/supervision/dataset/formats/yolo.py,funcao,object_to_yolo,5,13,10,19,18,29,59.7154,120.9278,3.6538,441.8517,24.5473,0.0403
src/supervision/dataset/formats/yolo.py,funcao,detections_to_yolo_annotations,7,14,9,18,21,27,72.9545,118.5926,4.5,533.6666,29.6481,0.0395
src/supervision/dataset/formats/yolo.py,funcao,save_yolo_annotations,0,0,0,0,0,0,0,0,0,0,0,0
src/supervision/dataset/formats/yolo.py,funcao,save_data_yaml,0,0,0,0,0,0,0,0,0,0,0,0
src/supervision/detection/compact_mask.py,funcao,_rle_area,0,0,0,0,0,0,0,0,0,0,0,0
src/supervision/detection/compact_mask.py,funcao,_rle_split_cols,8,19,21,40,27,61,104.7106,290.0481,8.4211,2442.5106,135.695,0.0967
src/supervision/detection/compact_mask.py,funcao,_rle_scale_col,6,14,13,24,20,37,68.8127,159.9113,5.1429,822.4012,45.689,0.0533
src/supervision/detection/compact_mask.py,funcao,_rle_join_cols,8,16,12,20,24,32,88.0,146.7188,5.0,733.594,40.7552,0.0489
src/supervision/detection/compact_mask.py,funcao,_rle_resize,6,25,16,32,31,48,131.6062,237.8014,3.84,913.1575,50.731,0.0793
src/supervision/detection/compact_mask.py,funcao,_resize_crop,4,10,5,10,14,15,41.2193,57.1103,2.0,114.2206,6.3456,0.019
src/supervision/detection/compact_mask.py,funcao,__init__,0,0,0,0,0,0,0,0,0,0,0,0
src/supervision/detection/compact_mask.py,funcao,from_dense,5,13,14,28,18,42,59.7154,175.1369,5.3846,943.0446,52.3914,0.0584
src/supervision/detection/compact_mask.py,funcao,to_dense,1,4,2,4,5,6,8.0,13.9316,0.5,6.9658,0.387,0.0046
src/supervision/detection/compact_mask.py,funcao,crop,0,0,0,0,0,0,0,0,0,0,0,0
src/supervision/detection/compact_mask.py,funcao,__len__,0,0,0,0,0,0,0,0,0,0,0,0
src/supervision/detection/compact_mask.py,funcao,__iter__,0,0,0,0,0,0,0,0,0,0,0,0
src/supervision/detection/compact_mask.py,funcao,shape,0,0,0,0,0,0,0,0,0,0,0,0
src/supervision/detection/compact_mask.py,funcao,offsets,0,0,0,0,0,0,0,0,0,0,0,0
src/supervision/detection/compact_mask.py,funcao,bbox_xyxy,3,9,5,10,12,15,33.2842,53.7744,1.6667,89.6241,4.9791,0.0179
src/supervision/detection/compact_mask.py,funcao,dtype,0,0,0,0,0,0,0,0,0,0,0,0
src/supervision/detection/compact_mask.py,funcao,area,0,0,0,0,0,0,0,0,0,0,0,0
src/supervision/detection/compact_mask.py,funcao,sum,1,2,1,2,3,3,2.0,4.7549,0.5,2.3774,0.1321,0.0016
src/supervision/detection/compact_mask.py,funcao,__getitem__,3,10,5,10,13,15,37.9742,55.5066,1.5,83.2599,4.6255,0.0185
src/supervision/detection/compact_mask.py,funcao,__array__,1,2,1,2,3,3,2.0,4.7549,0.5,2.3774,0.1321,0.0016
src/supervision/detection/compact_mask.py,funcao,__eq__,0,0,0,0,0,0,0,0,0,0,0,0
src/supervision/detection/compact_mask.py,funcao,merge,2,3,2,3,5,5,6.7549,11.6096,1.0,11.6096,0.645,0.0039
src/supervision/detection/compact_mask.py,funcao,repack,5,12,12,21,17,33,54.6292,134.8863,4.375,590.1274,32.7849,0.045
src/supervision/detection/compact_mask.py,funcao,with_offset,10,37,35,68,47,103,225.9691,572.1227,9.1892,5257.3433,292.0746,0.1907
src/supervision/detection/compact_mask.py,funcao,resize,8,31,25,50,39,75,177.5801,396.4052,6.4516,2557.4527,142.0807,0.1321
src/supervision/detection/core.py,funcao,__post_init__,0,0,0,0,0,0,0,0,0,0,0,0
src/supervision/detection/core.py,funcao,__len__,0,0,0,0,0,0,0,0,0,0,0,0
src/supervision/detection/core.py,funcao,__iter__,1,5,4,8,6,12,11.6096,31.0196,0.8,24.8156,1.3786,0.0103
src/supervision/detection/core.py,funcao,__eq__,1,1,1,1,2,2,0,2.0,0.5,1.0,0.0556,0.0007
src/supervision/detection/core.py,funcao,from_yolov5,0,0,0,0,0,0,0,0,0,0,0,0
src/supervision/detection/core.py,funcao,from_ultralytics,3,10,8,16,13,24,37.9742,88.8106,2.4,213.1453,11.8414,0.0296
src/supervision/detection/core.py,funcao,from_yolo_nas,1,2,1,2,3,3,2.0,4.7549,0.5,2.3774,0.1321,0.0016
src/supervision/detection/core.py,funcao,from_tensorflow,1,4,2,4,5,6,8.0,13.9316,0.5,6.9658,0.387,0.0046
src/supervision/detection/core.py,funcao,from_deepsparse,1,2,1,2,3,3,2.0,4.7549,0.5,2.3774,0.1321,0.0016
src/supervision/detection/core.py,funcao,from_mmdetection,1,2,1,2,3,3,2.0,4.7549,0.5,2.3774,0.1321,0.0016
src/supervision/detection/core.py,funcao,from_transformers,3,11,7,14,14,21,42.8086,79.9545,1.9091,152.6403,8.48,0.0267
src/supervision/detection/core.py,funcao,from_detectron2,0,0,0,0,0,0,0,0,0,0,0,0
src/supervision/detection/core.py,funcao,from_inference,1,2,1,2,3,3,2.0,4.7549,0.5,2.3774,0.1321,0.0016
src/supervision/detection/core.py,funcao,from_sam,1,2,1,2,3,3,2.0,4.7549,0.5,2.3774,0.1321,0.0016
src/supervision/detection/core.py,funcao,from_sam3,2,3,2,3,5,5,6.7549,11.6096,1.0,11.6096,0.645,0.0039
src/supervision/detection/core.py,funcao,from_azure_analyze_image,7,14,10,20,21,30,72.9545,131.7695,5.0,658.8476,36.6026,0.0439
src/supervision/detection/core.py,funcao,from_paddledet,1,2,1,2,3,3,2.0,4.7549,0.5,2.3774,0.1321,0.0016
src/supervision/detection/core.py,funcao,from_lmm,0,0,0,0,0,0,0,0,0,0,0,0
src/supervision/detection/core.py,funcao,from_vlm,3,16,12,24,19,36,68.7549,152.9254,2.25,344.0821,19.1157,0.051
src/supervision/detection/core.py,funcao,from_easyocr,3,6,3,6,9,9,20.2647,28.5293,1.5,42.794,2.3774,0.0095
src/supervision/detection/core.py,funcao,from_ncnn,1,2,1,2,3,3,2.0,4.7549,0.5,2.3774,0.1321,0.0016
src/supervision/detection/core.py,funcao,empty,0,0,0,0,0,0,0,0,0,0,0,0
src/supervision/detection/core.py,funcao,is_empty,1,2,1,2,3,3,2.0,4.7549,0.5,2.3774,0.1321,0.0016
src/supervision/detection/core.py,funcao,merge,3,8,5,9,11,14,28.7549,48.432,1.6875,81.7291,4.5405,0.0161
src/supervision/detection/core.py,funcao,get_anchors_coordinates,4,32,23,46,36,69,168.0,356.7248,2.875,1025.5839,56.9769,0.1189
src/supervision/detection/core.py,funcao,__getitem__,2,7,5,10,9,15,21.6515,47.5489,1.4286,67.927,3.7737,0.0158
src/supervision/detection/core.py,funcao,__setitem__,1,1,1,1,2,2,0,2.0,0.5,1.0,0.0556,0.0007
src/supervision/detection/core.py,funcao,area,2,4,2,4,6,6,10.0,15.5098,1.0,15.5098,0.8617,0.0052
src/supervision/detection/core.py,funcao,box_area,2,6,3,6,8,9,17.5098,27.0,1.0,27.0,1.5,0.009
src/supervision/detection/core.py,funcao,box_aspect_ratio,2,6,3,6,8,9,17.5098,27.0,1.0,27.0,1.5,0.009
src/supervision/detection/core.py,funcao,with_nms,4,9,8,13,13,21,36.5293,77.7092,2.8889,224.4933,12.4719,0.0259
src/supervision/detection/core.py,funcao,with_nmm,4,9,8,13,13,21,36.5293,77.7092,2.8889,224.4933,12.4719,0.0259
src/supervision/detection/core.py,funcao,_merge_obb_corners,3,7,5,8,10,13,24.4064,43.1851,1.7143,74.0315,4.1129,0.0144
src/supervision/detection/core.py,funcao,_merge_detection_group,9,22,13,26,31,39,126.6368,193.2137,5.3182,1027.5454,57.0859,0.0644
src/supervision/detection/core.py,funcao,merge_inner_detection_object_pair,10,36,26,52,46,78,219.3366,430.8378,7.2222,3111.6066,172.867,0.1436
src/supervision/detection/core.py,funcao,merge_inner_detections_objects,3,6,4,8,9,12,20.2647,38.0391,2.0,76.0782,4.2266,0.0127
src/supervision/detection/core.py,funcao,merge_inner_detections_objects_without_iou,0,0,0,0,0,0,0,0,0,0,0,0
src/supervision/detection/core.py,funcao,_get_sam3_value,0,0,0,0,0,0,0,0,0,0,0,0
src/supervision/detection/core.py,funcao,_normalize_sam3_prompt_results,0,0,0,0,0,0,0,0,0,0,0,0
src/supervision/detection/core.py,funcao,_normalize_sam3_prompt_result,0,0,0,0,0,0,0,0,0,0,0,0
src/supervision/detection/core.py,funcao,_normalize_sam3_prediction,5,9,5,10,14,15,40.139,57.1103,2.7778,158.6398,8.8133,0.019
src/supervision/detection/core.py,funcao,_build_sam3_mask,0,0,0,0,0,0,0,0,0,0,0,0
src/supervision/detection/core.py,funcao,_validate_fields_both_defined_or_none,2,5,3,6,7,9,13.6096,25.2662,1.2,30.3194,1.6844,0.0084
src/supervision/detection/core.py,funcao,validate_fields_both_defined_or_none,0,0,0,0,0,0,0,0,0,0,0,0
src/supervision/detection/line_zone.py,funcao,_multiclass_config_property,0,0,0,0,0,0,0,0,0,0,0,0
src/supervision/detection/line_zone.py,funcao,__init__,1,2,1,2,3,3,2.0,4.7549,0.5,2.3774,0.1321,0.0016
src/supervision/detection/line_zone.py,funcao,in_count,0,0,0,0,0,0,0,0,0,0,0,0
src/supervision/detection/line_zone.py,funcao,out_count,0,0,0,0,0,0,0,0,0,0,0,0
src/supervision/detection/line_zone.py,funcao,in_count_per_class,0,0,0,0,0,0,0,0,0,0,0,0
src/supervision/detection/line_zone.py,funcao,out_count_per_class,0,0,0,0,0,0,0,0,0,0,0,0
src/supervision/detection/line_zone.py,funcao,trigger,10,17,12,23,27,35,102.7061,166.4211,6.7647,1125.7895,62.5439,0.0555
src/supervision/detection/line_zone.py,funcao,_calculate_region_of_interest_limits,5,9,10,19,14,29,40.139,110.4133,5.2778,582.7368,32.3743,0.0368
src/supervision/detection/line_zone.py,funcao,_compute_anchor_sides,5,10,7,13,15,20,44.8289,78.1378,3.25,253.9479,14.1082,0.026
src/supervision/detection/line_zone.py,funcao,_update_class_id_to_name,3,5,5,10,8,15,16.3645,45.0,3.0,135.0,7.5,0.015
src/supervision/detection/line_zone.py,funcao,annotate,7,32,28,54,39,82,179.6515,433.403,5.9062,2559.7864,142.2104,0.1445
src/supervision/detection/line_zone.py,funcao,_get_line_angle,5,10,8,16,15,24,44.8289,93.7654,4.0,375.0615,20.8367,0.0313
src/supervision/detection/line_zone.py,funcao,_calculate_anchor_in_frame,5,30,20,40,35,60,158.8164,307.757,3.3333,1025.8566,56.992,0.1026
src/supervision/detection/line_zone.py,funcao,_draw_basic_label,3,5,4,8,8,12,16.3645,36.0,2.4,86.4,4.8,0.012
src/supervision/detection/line_zone.py,funcao,_draw_oriented_label,1,2,1,2,3,3,2.0,4.7549,0.5,2.3774,0.1321,0.0016
src/supervision/detection/line_zone.py,funcao,_make_label_image,6,13,10,17,19,27,63.6155,114.694,3.9231,449.9536,24.9974,0.0382
src/supervision/detection/vlm.py,funcao,list,0,0,0,0,0,0,0,0,0,0,0,0
src/supervision/detection/vlm.py,funcao,from_value,0,0,0,0,0,0,0,0,0,0,0,0
src/supervision/detection/vlm.py,funcao,_validate_vlm_parameters,2,4,3,5,6,8,10.0,20.6797,1.25,25.8496,1.4361,0.0069
src/supervision/detection/vlm.py,funcao,validate_vlm_parameters,0,0,0,0,0,0,0,0,0,0,0,0
src/supervision/detection/vlm.py,funcao,from_paligemma,6,10,6,12,16,18,48.7291,72.0,3.6,259.2,14.4,0.024
src/supervision/detection/vlm.py,funcao,recover_truncated_qwen_2_5_vl_response,3,11,12,20,14,32,42.8086,121.8354,2.7273,332.2782,18.4599,0.0406
src/supervision/detection/vlm.py,funcao,from_qwen_2_5_vl,12,23,18,33,35,51,147.0615,261.5934,8.6087,2251.9783,125.1099,0.0872
src/supervision/detection/vlm.py,funcao,from_qwen_3_vl,0,0,0,0,0,0,0,0,0,0,0,0
src/supervision/detection/vlm.py,funcao,from_deepseek_vl_2,5,16,11,22,21,33,75.6096,144.9465,3.4375,498.2535,27.6808,0.0483
src/supervision/detection/vlm.py,funcao,from_florence_2,7,18,14,26,25,40,94.7101,185.7542,5.0556,939.0909,52.1717,0.0619
src/supervision/detection/vlm.py,funcao,_extract_json_from_backticks,2,4,2,4,6,6,10.0,15.5098,1.0,15.5098,0.8617,0.0052
src/supervision/detection/vlm.py,funcao,_build_empty_gemini_2_5_result,0,0,0,0,0,0,0,0,0,0,0,0
src/supervision/detection/vlm.py,funcao,_parse_gemini_2_5_item,5,11,7,14,16,21,49.6634,84.0,3.1818,267.2727,14.8485,0.028
src/supervision/detection/vlm.py,funcao,_collect_gemini_2_5_items,1,4,3,6,5,9,8.0,20.8974,0.75,15.673,0.8707,0.007
src/supervision/detection/vlm.py,funcao,_filter_gemini_2_5_results,2,5,3,6,7,9,13.6096,25.2662,1.2,30.3194,1.6844,0.0084
src/supervision/detection/vlm.py,funcao,_build_gemini_2_5_class_id,0,0,0,0,0,0,0,0,0,0,0,0
src/supervision/detection/vlm.py,funcao,_decode_mask_for_item,5,14,9,16,19,25,64.9126,106.1982,2.8571,303.4234,16.8569,0.0354
src/supervision/detection/vlm.py,funcao,from_google_gemini_2_0,7,13,8,16,20,24,67.7572,103.7263,4.3077,446.8209,24.8234,0.0346
src/supervision/detection/vlm.py,funcao,from_google_gemini_2_5,3,4,3,5,7,8,12.7549,22.4588,1.875,42.1103,2.3395,0.0075
src/supervision/detection/vlm.py,funcao,from_moondream,6,14,9,16,20,25,68.8127,108.0482,3.4286,370.451,20.5806,0.036
src/supervision/detection/tools/csv_sink.py,funcao,writerow,0,0,0,0,0,0,0,0,0,0,0,0
src/supervision/detection/tools/csv_sink.py,funcao,__init__,1,3,2,4,4,6,4.7549,12.0,0.6667,8.0,0.4444,0.004
src/supervision/detection/tools/csv_sink.py,funcao,__enter__,0,0,0,0,0,0,0,0,0,0,0,0
src/supervision/detection/tools/csv_sink.py,funcao,__exit__,0,0,0,0,0,0,0,0,0,0,0,0
src/supervision/detection/tools/csv_sink.py,funcao,open,2,3,2,3,5,5,6.7549,11.6096,1.0,11.6096,0.645,0.0039
src/supervision/detection/tools/csv_sink.py,funcao,close,0,0,0,0,0,0,0,0,0,0,0,0
src/supervision/detection/tools/csv_sink.py,funcao,_slice_value,2,6,3,6,8,9,17.5098,27.0,1.0,27.0,1.5,0.009
src/supervision/detection/tools/csv_sink.py,funcao,parse_detection_data,1,4,3,6,5,9,8.0,20.8974,0.75,15.673,0.8707,0.007
src/supervision/detection/tools/csv_sink.py,funcao,append,2,3,3,4,5,7,6.7549,16.2535,1.3333,21.6713,1.204,0.0054
src/supervision/detection/tools/csv_sink.py,funcao,parse_field_names,2,4,2,4,6,6,10.0,15.5098,1.0,15.5098,0.8617,0.0052
src/supervision/detection/tools/inference_slicer.py,funcao,move_detections,3,5,3,6,8,9,16.3645,27.0,1.8,48.6,2.7,0.009
src/supervision/detection/tools/inference_slicer.py,funcao,__init__,1,2,1,2,3,3,2.0,4.7549,0.5,2.3774,0.1321,0.0016
src/supervision/detection/tools/inference_slicer.py,funcao,callback,0,0,0,0,0,0,0,0,0,0,0,0
src/supervision/detection/tools/inference_slicer.py,funcao,slice_wh,0,0,0,0,0,0,0,0,0,0,0,0
src/supervision/detection/tools/inference_slicer.py,funcao,overlap_wh,0,0,0,0,0,0,0,0,0,0,0,0
src/supervision/detection/tools/inference_slicer.py,funcao,iou_threshold,0,0,0,0,0,0,0,0,0,0,0,0
src/supervision/detection/tools/inference_slicer.py,funcao,overlap_metric,0,0,0,0,0,0,0,0,0,0,0,0
src/supervision/detection/tools/inference_slicer.py,funcao,overlap_filter,0,0,0,0,0,0,0,0,0,0,0,0
src/supervision/detection/tools/inference_slicer.py,funcao,thread_workers,1,2,1,2,3,3,2.0,4.7549,0.5,2.3774,0.1321,0.0016
src/supervision/detection/tools/inference_slicer.py,funcao,compact_masks,0,0,0,0,0,0,0,0,0,0,0,0
src/supervision/detection/tools/inference_slicer.py,funcao,__call__,0,0,0,0,0,0,0,0,0,0,0,0
src/supervision/detection/tools/inference_slicer.py,funcao,_collect_detections,7,13,9,16,20,25,67.7572,108.0482,4.3077,465.4384,25.8577,0.036
src/supervision/detection/tools/inference_slicer.py,funcao,_probe_remaining_offsets,4,7,4,8,11,12,27.6515,41.5132,2.2857,94.8873,5.2715,0.0138
src/supervision/detection/tools/inference_slicer.py,funcao,_run_sequential_inference,0,0,0,0,0,0,0,0,0,0,0,0
src/supervision/detection/tools/inference_slicer.py,funcao,_run_parallel_inference,0,0,0,0,0,0,0,0,0,0,0,0
src/supervision/detection/tools/inference_slicer.py,funcao,_warn_obb_sequential_fallback,3,5,3,5,8,8,16.3645,24.0,1.5,36.0,2.0,0.008
src/supervision/detection/tools/inference_slicer.py,funcao,_apply_overlap_filter,1,4,3,6,5,9,8.0,20.8974,0.75,15.673,0.8707,0.007
src/supervision/detection/tools/inference_slicer.py,funcao,_run_callback,7,27,15,31,34,46,148.0334,234.0233,4.0185,940.4269,52.2459,0.078
src/supervision/detection/tools/inference_slicer.py,funcao,_normalize_slice_wh,4,10,6,12,14,18,41.2193,68.5324,2.4,164.4777,9.1377,0.0228
src/supervision/detection/tools/inference_slicer.py,funcao,_normalize_overlap_wh,4,10,6,12,14,18,41.2193,68.5324,2.4,164.4777,9.1377,0.0228
src/supervision/detection/tools/inference_slicer.py,funcao,_generate_offset,8,16,13,22,24,35,88.0,160.4737,5.5,882.6053,49.0336,0.0535
src/supervision/detection/tools/inference_slicer.py,funcao,_validate_overlap,3,9,6,12,12,18,33.2842,64.5293,2.0,129.0587,7.1699,0.0215
src/supervision/detection/tools/json_sink.py,funcao,__init__,1,2,1,2,3,3,2.0,4.7549,0.5,2.3774,0.1321,0.0016
src/supervision/detection/tools/json_sink.py,funcao,__enter__,0,0,0,0,0,0,0,0,0,0,0,0
src/supervision/detection/tools/json_sink.py,funcao,__exit__,0,0,0,0,0,0,0,0,0,0,0,0
src/supervision/detection/tools/json_sink.py,funcao,open,2,3,2,3,5,5,6.7549,11.6096,1.0,11.6096,0.645,0.0039
src/supervision/detection/tools/json_sink.py,funcao,_json_default,0,0,0,0,0,0,0,0,0,0,0,0
src/supervision/detection/tools/json_sink.py,funcao,write_and_close,0,0,0,0,0,0,0,0,0,0,0,0
src/supervision/detection/tools/json_sink.py,funcao,_slice_value,2,6,3,6,8,9,17.5098,27.0,1.0,27.0,1.5,0.009
src/supervision/detection/tools/json_sink.py,funcao,parse_detection_data,1,4,3,6,5,9,8.0,20.8974,0.75,15.673,0.8707,0.007
src/supervision/detection/tools/json_sink.py,funcao,append,0,0,0,0,0,0,0,0,0,0,0,0
src/supervision/detection/tools/polygon_zone.py,funcao,__init__,0,0,0,0,0,0,0,0,0,0,0,0
src/supervision/detection/tools/polygon_zone.py,funcao,trigger,5,15,11,22,20,33,70.213,142.6236,3.6667,522.9533,29.053,0.0475
src/supervision/detection/tools/polygon_zone.py,funcao,color,0,0,0,0,0,0,0,0,0,0,0,0
src/supervision/detection/tools/polygon_zone.py,funcao,thickness,0,0,0,0,0,0,0,0,0,0,0,0
src/supervision/detection/tools/polygon_zone.py,funcao,text_color,0,0,0,0,0,0,0,0,0,0,0,0
src/supervision/detection/tools/polygon_zone.py,funcao,text_scale,0,0,0,0,0,0,0,0,0,0,0,0
src/supervision/detection/tools/polygon_zone.py,funcao,text_thickness,0,0,0,0,0,0,0,0,0,0,0,0
src/supervision/detection/tools/polygon_zone.py,funcao,text_padding,0,0,0,0,0,0,0,0,0,0,0,0
src/supervision/detection/tools/polygon_zone.py,funcao,display_in_zone_count,0,0,0,0,0,0,0,0,0,0,0,0
src/supervision/detection/tools/polygon_zone.py,funcao,opacity,0,0,0,0,0,0,0,0,0,0,0,0
src/supervision/detection/tools/polygon_zone.py,funcao,font,0,0,0,0,0,0,0,0,0,0,0,0
src/supervision/detection/tools/polygon_zone.py,funcao,center,0,0,0,0,0,0,0,0,0,0,0,0
src/supervision/detection/tools/polygon_zone.py,funcao,annotate,2,4,2,4,6,6,10.0,15.5098,1.0,15.5098,0.8617,0.0052
src/supervision/detection/tools/smoother.py,funcao,__init__,1,2,1,2,3,3,2.0,4.7549,0.5,2.3774,0.1321,0.0016
src/supervision/detection/tools/smoother.py,funcao,update_with_detections,2,4,3,6,6,9,10.0,23.2647,1.5,34.897,1.9387,0.0078
src/supervision/detection/tools/smoother.py,funcao,get_track,3,6,4,8,9,12,20.2647,38.0391,2.0,76.0782,4.2266,0.0127
src/supervision/detection/tools/smoother.py,funcao,get_smoothed_detections,4,7,4,8,11,12,27.6515,41.5132,2.2857,94.8873,5.2715,0.0138
src/supervision/detection/tools/transformers.py,funcao,process_transformers_detection_result,0,0,0,0,0,0,0,0,0,0,0,0
src/supervision/detection/tools/transformers.py,funcao,process_transformers_v4_segmentation_result,2,4,4,8,6,12,10.0,31.0196,2.0,62.0391,3.4466,0.0103
src/supervision/detection/tools/transformers.py,funcao,process_transformers_v5_segmentation_result,1,2,1,2,3,3,2.0,4.7549,0.5,2.3774,0.1321,0.0016
src/supervision/detection/tools/transformers.py,funcao,process_transformers_v5_semantic_or_instance_segmentation_result,1,2,1,2,3,3,2.0,4.7549,0.5,2.3774,0.1321,0.0016
src/supervision/detection/tools/transformers.py,funcao,process_transformers_v4_panoptic_segmentation_result,1,2,1,2,3,3,2.0,4.7549,0.5,2.3774,0.1321,0.0016
src/supervision/detection/tools/transformers.py,funcao,process_transformers_v5_panoptic_segmentation_result,1,2,1,2,3,3,2.0,4.7549,0.5,2.3774,0.1321,0.0016
src/supervision/detection/tools/transformers.py,funcao,png_string_to_segmentation_array,0,0,0,0,0,0,0,0,0,0,0,0
src/supervision/detection/tools/transformers.py,funcao,append_class_names_to_data,2,3,2,4,5,6,6.7549,13.9316,1.3333,18.5754,1.032,0.0046
src/supervision/detection/utils/boxes.py,funcao,clip_boxes,0,0,0,0,0,0,0,0,0,0,0,0
src/supervision/detection/utils/boxes.py,funcao,pad_boxes,3,6,3,6,9,9,20.2647,28.5293,1.5,42.794,2.3774,0.0095
src/supervision/detection/utils/boxes.py,funcao,denormalize_boxes,2,7,4,8,9,12,21.6515,38.0391,1.1429,43.4733,2.4152,0.0127
src/supervision/detection/utils/boxes.py,funcao,move_boxes,1,2,1,2,3,3,2.0,4.7549,0.5,2.3774,0.1321,0.0016
src/supervision/detection/utils/boxes.py,funcao,move_oriented_boxes,1,2,1,2,3,3,2.0,4.7549,0.5,2.3774,0.1321,0.0016
src/supervision/detection/utils/boxes.py,funcao,obb_polygon_area,5,16,13,20,21,33,75.6096,144.9465,3.125,452.9577,25.1643,0.0483
src/supervision/detection/utils/boxes.py,funcao,xyxyxyxy_to_xyxy,3,8,9,12,11,21,28.7549,72.6481,2.25,163.4581,9.081,0.0242
src/supervision/detection/utils/boxes.py,funcao,scale_boxes,4,12,8,16,16,24,51.0196,96.0,2.6667,256.0,14.2222,0.032
src/supervision/detection/utils/boxes.py,funcao,spread_out_boxes,10,24,21,39,34,60,143.2584,305.2478,8.125,2480.1381,137.7855,0.1017
src/supervision/detection/utils/converters.py,funcao,xyxy_to_polygons,0,0,0,0,0,0,0,0,0,0,0,0
src/supervision/detection/utils/converters.py,funcao,polygon_to_mask,0,0,0,0,0,0,0,0,0,0,0,0
src/supervision/detection/utils/converters.py,funcao,xywh_to_xyxy,1,4,2,4,5,6,8.0,13.9316,0.5,6.9658,0.387,0.0046
src/supervision/detection/utils/converters.py,funcao,xyxy_to_xywh,1,4,2,4,5,6,8.0,13.9316,0.5,6.9658,0.387,0.0046
src/supervision/detection/utils/converters.py,funcao,xcycwh_to_xyxy,3,13,8,16,16,24,52.8606,96.0,1.8462,177.2308,9.8462,0.032
src/supervision/detection/utils/converters.py,funcao,xyxy_to_xcycarh,5,11,8,16,16,24,49.6634,96.0,3.6364,349.0909,19.3939,0.032
src/supervision/detection/utils/converters.py,funcao,mask_to_xyxy,4,10,8,13,14,21,41.2193,79.9545,2.6,207.8816,11.549,0.0267
src/supervision/detection/utils/converters.py,funcao,xyxy_to_mask,4,9,7,14,13,21,36.5293,77.7092,3.1111,241.7621,13.4312,0.0259
src/supervision/detection/utils/converters.py,funcao,mask_to_polygons,1,2,1,2,3,3,2.0,4.7549,0.5,2.3774,0.1321,0.0016
src/supervision/detection/utils/converters.py,funcao,_base48_decode,11,23,17,32,34,49,142.0957,249.2857,7.6522,1907.5774,105.9765,0.0831
src/supervision/detection/utils/converters.py,funcao,_base48_encode,6,10,8,15,16,23,48.7291,92.0,4.5,414.0,23.0,0.0307
src/supervision/detection/utils/converters.py,funcao,_delta_decode,2,4,2,4,6,6,10.0,15.5098,1.0,15.5098,0.8617,0.0052
src/supervision/detection/utils/converters.py,funcao,_delta_encode,1,4,2,4,5,6,8.0,13.9316,0.5,6.9658,0.387,0.0046
src/supervision/detection/utils/converters.py,funcao,is_compressed_rle,0,0,0,0,0,0,0,0,0,0,0,0
src/supervision/detection/utils/converters.py,funcao,_mask_to_rle_counts,3,5,3,6,8,9,16.3645,27.0,1.8,48.6,2.7,0.009
src/supervision/detection/utils/converters.py,funcao,_rle_counts_to_mask,5,9,5,10,14,15,40.139,57.1103,2.7778,158.6398,8.8133,0.019
src/supervision/detection/utils/converters.py,funcao,rle_to_mask,2,4,2,4,6,6,10.0,15.5098,1.0,15.5098,0.8617,0.0052
src/supervision/detection/utils/converters.py,funcao,mask_to_rle,2,4,2,4,6,6,10.0,15.5098,1.0,15.5098,0.8617,0.0052
src/supervision/detection/utils/converters.py,funcao,polygon_to_xyxy,0,0,0,0,0,0,0,0,0,0,0,0
src/supervision/detection/utils/internal.py,funcao,extract_ultralytics_masks,5,22,13,25,27,38,109.7171,180.6857,2.8409,513.3117,28.5173,0.0602
src/supervision/detection/utils/internal.py,funcao,_decode_rle_mask,3,8,5,8,11,13,28.7549,44.9726,1.5,67.4589,3.7477,0.015
src/supervision/detection/utils/internal.py,funcao,process_roboflow_result,11,28,21,41,39,62,172.6597,327.6949,8.0536,2639.1146,146.6175,0.1092
src/supervision/detection/utils/internal.py,funcao,is_data_equal,2,4,2,4,6,6,10.0,15.5098,1.0,15.5098,0.8617,0.0052
src/supervision/detection/utils/internal.py,funcao,is_metadata_equal,2,8,4,8,10,12,26.0,39.8631,1.0,39.8631,2.2146,0.0133
src/supervision/detection/utils/internal.py,funcao,_validate_data_list_keys,2,3,2,3,5,5,6.7549,11.6096,1.0,11.6096,0.645,0.0039
src/supervision/detection/utils/internal.py,funcao,_validate_data_value_lengths,1,2,1,2,3,3,2.0,4.7549,0.5,2.3774,0.1321,0.0016
src/supervision/detection/utils/internal.py,funcao,_merge_data_values,2,2,2,4,4,6,4.0,12.0,2.0,24.0,1.3333,0.004
src/supervision/detection/utils/internal.py,funcao,merge_data,1,1,1,1,2,2,0,2.0,0.5,1.0,0.0556,0.0007
src/supervision/detection/utils/internal.py,funcao,merge_metadata,6,13,8,13,19,21,63.6155,89.2065,3.0,267.6194,14.8677,0.0297
src/supervision/detection/utils/internal.py,funcao,get_data_item,2,4,2,4,6,6,10.0,15.5098,1.0,15.5098,0.8617,0.0052
src/supervision/detection/utils/internal.py,funcao,cross_product,1,4,3,6,5,9,8.0,20.8974,0.75,15.673,0.8707,0.007
src/supervision/detection/utils/iou_and_nms.py,funcao,list,0,0,0,0,0,0,0,0,0,0,0,0
src/supervision/detection/utils/iou_and_nms.py,funcao,from_value,0,0,0,0,0,0,0,0,0,0,0,0
src/supervision/detection/utils/iou_and_nms.py,funcao,box_iou,6,27,15,30,33,45,143.8917,226.9977,3.3333,756.6591,42.0366,0.0757
src/supervision/detection/utils/iou_and_nms.py,funcao,box_iou_batch,6,27,15,30,33,45,143.8917,226.9977,3.3333,756.6591,42.0366,0.0757
src/supervision/detection/utils/iou_and_nms.py,funcao,_jaccard,4,34,19,38,38,57,180.9737,299.1319,2.2353,668.6477,37.1471,0.0997
src/supervision/detection/utils/iou_and_nms.py,funcao,box_iou_batch_with_jaccard,2,7,4,8,9,12,21.6515,38.0391,1.1429,43.4733,2.4152,0.0127
src/supervision/detection/utils/iou_and_nms.py,funcao,_polygon_areas,3,9,6,10,12,16,33.2842,57.3594,1.6667,95.599,5.3111,0.0191
src/supervision/detection/utils/iou_and_nms.py,funcao,_aabb_envelopes,0,0,0,0,0,0,0,0,0,0,0,0
src/supervision/detection/utils/iou_and_nms.py,funcao,_overlapping_envelope_pairs,2,6,3,6,8,9,17.5098,27.0,1.0,27.0,1.5,0.009
src/supervision/detection/utils/iou_and_nms.py,funcao,_validate_oriented_box_batch,4,12,7,14,16,21,51.0196,84.0,2.3333,196.0,10.8889,0.028
src/supervision/detection/utils/iou_and_nms.py,funcao,_normalize_oriented_overlap_metric,1,3,2,4,4,6,4.7549,12.0,0.6667,8.0,0.4444,0.004
src/supervision/detection/utils/iou_and_nms.py,funcao,oriented_box_iou_batch,9,15,12,22,24,34,87.1327,155.8887,6.6,1028.8656,57.1592,0.052
src/supervision/detection/utils/iou_and_nms.py,funcao,compact_mask_iou_batch,9,37,28,56,46,84,221.2791,463.9792,6.8108,3160.0746,175.5597,0.1547
src/supervision/detection/utils/iou_and_nms.py,funcao,_mask_iou_batch_split,7,16,9,18,23,27,83.6515,122.1362,3.9375,480.9112,26.7173,0.0407
src/supervision/detection/utils/iou_and_nms.py,funcao,mask_iou_batch,11,40,29,57,51,86,250.9309,487.8286,7.8375,3823.3565,212.4087,0.1626
src/supervision/detection/utils/iou_and_nms.py,funcao,mask_non_max_suppression,6,11,10,18,17,28,53.5635,114.449,4.9091,561.8403,31.2134,0.0381
src/supervision/detection/utils/iou_and_nms.py,funcao,_prepare_predictions_for_nms,1,2,1,2,3,3,2.0,4.7549,0.5,2.3774,0.1321,0.0016
src/supervision/detection/utils/iou_and_nms.py,funcao,_nms_loop_from_iou_matrix,6,12,7,12,18,19,58.5293,79.2286,3.0,237.6857,13.2048,0.0264
src/supervision/detection/utils/iou_and_nms.py,funcao,box_non_max_suppression,1,3,2,3,4,5,4.7549,10.0,0.5,5.0,0.2778,0.0033
src/supervision/detection/utils/iou_and_nms.py,funcao,_group_overlapping_masks,6,9,8,12,15,20,44.0391,78.1378,4.0,312.5512,17.364,0.026
src/supervision/detection/utils/iou_and_nms.py,funcao,mask_non_max_merge,1,6,3,6,7,9,15.5098,25.2662,0.5,12.6331,0.7018,0.0084
src/supervision/detection/utils/iou_and_nms.py,funcao,_greedy_nmm_via_iou_callback,5,7,6,9,12,15,31.2611,53.7744,3.2143,172.8464,9.6026,0.0179
src/supervision/detection/utils/iou_and_nms.py,funcao,_non_max_merge_per_category,1,6,3,6,7,9,15.5098,25.2662,0.5,12.6331,0.7018,0.0084
src/supervision/detection/utils/iou_and_nms.py,funcao,_group_overlapping_boxes,1,2,1,2,3,3,2.0,4.7549,0.5,2.3774,0.1321,0.0016
src/supervision/detection/utils/iou_and_nms.py,funcao,box_non_max_merge,0,0,0,0,0,0,0,0,0,0,0,0
src/supervision/detection/utils/iou_and_nms.py,funcao,oriented_box_non_max_suppression,6,23,14,27,29,41,119.5517,199.1772,3.5217,701.4502,38.9695,0.0664
src/supervision/detection/utils/iou_and_nms.py,funcao,_group_overlapping_oriented_boxes,0,0,0,0,0,0,0,0,0,0,0,0
src/supervision/detection/utils/iou_and_nms.py,funcao,oriented_box_non_max_merge,6,23,14,27,29,41,119.5517,199.1772,3.5217,701.4502,38.9695,0.0664
src/supervision/detection/utils/masks.py,funcao,move_masks,6,27,17,32,33,49,143.8917,247.1753,3.5556,878.8456,48.8248,0.0824
src/supervision/detection/utils/masks.py,funcao,calculate_masks_centroids,3,16,12,24,19,36,68.7549,152.9254,2.25,344.0821,19.1157,0.051
src/supervision/detection/utils/masks.py,funcao,contains_holes,3,5,3,5,8,8,16.3645,24.0,1.5,36.0,2.0,0.008
src/supervision/detection/utils/masks.py,funcao,contains_multiple_segments,3,7,4,8,10,12,24.4064,39.8631,1.7143,68.3368,3.7965,0.0133
src/supervision/detection/utils/masks.py,funcao,resize_masks,3,5,6,12,8,18,16.3645,54.0,3.6,194.4,10.8,0.018
src/supervision/detection/utils/masks.py,funcao,_resolve_distance_threshold,2,5,3,6,7,9,13.6096,25.2662,1.2,30.3194,1.6844,0.0084
src/supervision/detection/utils/masks.py,funcao,_filter_labels_by_centroid_distance,4,8,4,8,12,12,32.0,43.0196,2.0,86.0391,4.78,0.0143
src/supervision/detection/utils/masks.py,funcao,_filter_labels_by_edge_distance,4,8,6,11,12,17,32.0,60.9444,2.75,167.597,9.3109,0.0203
src/supervision/detection/utils/masks.py,funcao,filter_segments_by_distance,5,9,6,11,14,17,40.139,64.725,3.0556,197.7709,10.9873,0.0216
src/supervision/detection/utils/polygons.py,funcao,filter_polygons_by_area,5,12,10,20,17,30,54.6292,122.6239,4.1667,510.9329,28.3852,0.0409
src/supervision/detection/utils/polygons.py,funcao,approximate_polygon,8,14,10,20,22,30,77.303,133.7829,5.7143,764.474,42.4708,0.0446
src/supervision/detection/utils/vlms.py,funcao,edit_distance,6,18,15,29,24,44,90.5684,201.7384,4.8333,975.0687,54.1705,0.0672
src/supervision/detection/utils/vlms.py,funcao,fuzzy_match_index,1,2,1,2,3,3,2.0,4.7549,0.5,2.3774,0.1321,0.0016
src/supervision/draw/color.py,funcao,_validate_color_hex,3,5,3,5,8,8,16.3645,24.0,1.5,36.0,2.0,0.008
src/supervision/draw/color.py,funcao,from_hex,0,0,0,0,0,0,0,0,0,0,0,0
src/supervision/draw/color.py,funcao,from_rgb_tuple,3,9,8,13,12,21,33.2842,75.2842,2.1667,163.1158,9.062,0.0251
src/supervision/draw/color.py,funcao,from_bgr_tuple,3,9,8,13,12,21,33.2842,75.2842,2.1667,163.1158,9.062,0.0251
src/supervision/draw/color.py,funcao,from_rgba_tuple,3,11,10,17,14,27,42.8086,102.7986,2.3182,238.3058,13.2392,0.0343
src/supervision/draw/color.py,funcao,from_bgra_tuple,3,11,10,17,14,27,42.8086,102.7986,2.3182,238.3058,13.2392,0.0343
src/supervision/draw/color.py,funcao,as_hex,1,2,1,2,3,3,2.0,4.7549,0.5,2.3774,0.1321,0.0016
src/supervision/draw/color.py,funcao,as_rgb,0,0,0,0,0,0,0,0,0,0,0,0
src/supervision/draw/color.py,funcao,as_bgr,0,0,0,0,0,0,0,0,0,0,0,0
src/supervision/draw/color.py,funcao,as_rgba,0,0,0,0,0,0,0,0,0,0,0,0
src/supervision/draw/color.py,funcao,as_bgra,0,0,0,0,0,0,0,0,0,0,0,0
src/supervision/draw/color.py,funcao,WHITE,0,0,0,0,0,0,0,0,0,0,0,0
src/supervision/draw/color.py,funcao,BLACK,0,0,0,0,0,0,0,0,0,0,0,0
src/supervision/draw/color.py,funcao,GREY,0,0,0,0,0,0,0,0,0,0,0,0
src/supervision/draw/color.py,funcao,RED,0,0,0,0,0,0,0,0,0,0,0,0
src/supervision/draw/color.py,funcao,GREEN,0,0,0,0,0,0,0,0,0,0,0,0
src/supervision/draw/color.py,funcao,BLUE,0,0,0,0,0,0,0,0,0,0,0,0
src/supervision/draw/color.py,funcao,YELLOW,0,0,0,0,0,0,0,0,0,0,0,0
src/supervision/draw/color.py,funcao,ROBOFLOW,0,0,0,0,0,0,0,0,0,0,0,0
src/supervision/draw/color.py,funcao,__hash__,0,0,0,0,0,0,0,0,0,0,0,0
src/supervision/draw/color.py,funcao,__repr__,1,2,1,2,3,3,2.0,4.7549,0.5,2.3774,0.1321,0.0016
src/supervision/draw/color.py,funcao,__eq__,2,9,5,13,11,18,30.5293,62.2698,1.4444,89.9452,4.997,0.0208
src/supervision/draw/color.py,funcao,DEFAULT,0,0,0,0,0,0,0,0,0,0,0,0
src/supervision/draw/color.py,funcao,LEGACY,0,0,0,0,0,0,0,0,0,0,0,0
src/supervision/draw/color.py,funcao,from_matplotlib,3,8,5,10,11,15,28.7549,51.8915,1.875,97.2965,5.4054,0.0173
src/supervision/draw/color.py,funcao,by_idx,2,3,2,4,5,6,6.7549,13.9316,1.3333,18.5754,1.032,0.0046
src/supervision/draw/color.py,funcao,__len__,0,0,0,0,0,0,0,0,0,0,0,0
src/supervision/draw/color.py,funcao,unify_to_bgr,0,0,0,0,0,0,0,0,0,0,0,0
src/supervision/draw/utils.py,funcao,draw_line,0,0,0,0,0,0,0,0,0,0,0,0
src/supervision/draw/utils.py,funcao,draw_rectangle,0,0,0,0,0,0,0,0,0,0,0,0
src/supervision/draw/utils.py,funcao,draw_filled_rectangle,3,2,4,6,5,10,6.7549,23.2193,4.5,104.4868,5.8048,0.0077
src/supervision/draw/utils.py,funcao,draw_rounded_rectangle,4,8,17,32,12,49,32.0,175.6632,8.0,1405.3053,78.0725,0.0586
src/supervision/draw/utils.py,funcao,draw_polygon,0,0,0,0,0,0,0,0,0,0,0,0
src/supervision/draw/utils.py,funcao,draw_filled_polygon,2,2,2,4,4,6,4.0,12.0,2.0,24.0,1.3333,0.004
src/supervision/draw/utils.py,funcao,draw_text,4,11,9,18,15,27,46.0537,105.486,3.2727,345.2271,19.1793,0.0352
src/supervision/draw/utils.py,funcao,draw_image,10,30,23,45,40,68,180.426,361.8911,7.5,2714.1833,150.788,0.1206
src/supervision/draw/utils.py,funcao,calculate_optimal_text_scale,1,2,1,2,3,3,2.0,4.7549,0.5,2.3774,0.1321,0.0016
src/supervision/draw/utils.py,funcao,calculate_optimal_line_thickness,1,2,1,2,3,3,2.0,4.7549,0.5,2.3774,0.1321,0.0016
src/supervision/geometry/core.py,funcao,list,0,0,0,0,0,0,0,0,0,0,0,0
src/supervision/geometry/core.py,funcao,as_xy_int_tuple,0,0,0,0,0,0,0,0,0,0,0,0
src/supervision/geometry/core.py,funcao,as_xy_float_tuple,0,0,0,0,0,0,0,0,0,0,0,0
src/supervision/geometry/core.py,funcao,magnitude,3,7,5,10,10,15,24.4064,49.8289,2.1429,106.7763,5.932,0.0166
src/supervision/geometry/core.py,funcao,center,2,5,4,8,7,12,13.6096,33.6883,1.6,53.9012,2.9945,0.0112
src/supervision/geometry/core.py,funcao,cross_product,2,8,7,14,10,21,26.0,69.7605,1.75,122.0809,6.7823,0.0233
src/supervision/geometry/core.py,funcao,from_xyxy,1,4,2,4,5,6,8.0,13.9316,0.5,6.9658,0.387,0.0046
src/supervision/geometry/core.py,funcao,top_left,0,0,0,0,0,0,0,0,0,0,0,0
src/supervision/geometry/core.py,funcao,bottom_right,1,4,2,4,5,6,8.0,13.9316,0.5,6.9658,0.387,0.0046
src/supervision/geometry/core.py,funcao,pad,3,8,6,12,11,18,28.7549,62.2698,2.25,140.107,7.7837,0.0208
src/supervision/geometry/core.py,funcao,as_xyxy_int_tuple,1,4,2,4,5,6,8.0,13.9316,0.5,6.9658,0.387,0.0046
src/supervision/geometry/utils.py,funcao,get_polygon_center,4,10,6,11,14,17,41.2193,64.725,2.2,142.3951,7.9108,0.0216
src/supervision/key_points/annotators.py,funcao,annotate,4,8,6,9,12,15,32.0,53.7744,2.25,120.9925,6.7218,0.0179
src/supervision/key_points/annotators.py,funcao,__init__,1,3,2,4,4,6,4.7549,12.0,0.6667,8.0,0.4444,0.004
src/supervision/key_points/annotators.py,funcao,_get_covariances,2,4,2,4,6,6,10.0,15.5098,1.0,15.5098,0.8617,0.0052
src/supervision/key_points/annotators.py,funcao,_decompose_covariance,4,7,5,7,11,12,27.6515,41.5132,2.0,83.0264,4.6126,0.0138
src/supervision/key_points/annotators.py,funcao,_iter_ellipse_params,5,9,6,11,14,17,40.139,64.725,3.0556,197.7709,10.9873,0.0216
src/supervision/key_points/annotators.py,funcao,get_text_bounding_box,3,9,8,16,12,24,33.2842,86.0391,2.6667,229.4376,12.7465,0.0287
src/supervision/key_points/annotators.py,funcao,_resolve_labels,3,5,4,8,8,12,16.3645,36.0,2.4,86.4,4.8,0.012
src/supervision/key_points/annotators.py,funcao,_resolve_color_list,2,3,2,4,5,6,6.7549,13.9316,1.3333,18.5754,1.032,0.0046
src/supervision/key_points/core.py,funcao,_optional_array_equal,3,7,6,12,10,18,24.4064,59.7947,2.5714,153.7578,8.5421,0.0199
src/supervision/key_points/core.py,funcao,_normalize_row_index,2,11,5,11,13,16,40.0537,59.207,1.0,59.207,3.2893,0.0197
src/supervision/key_points/core.py,funcao,__init__,1,4,3,6,5,9,8.0,20.8974,0.75,15.673,0.8707,0.007
src/supervision/key_points/core.py,funcao,__post_init__,0,0,0,0,0,0,0,0,0,0,0,0
src/supervision/key_points/core.py,funcao,confidence,0,0,0,0,0,0,0,0,0,0,0,0
src/supervision/key_points/core.py,funcao,__len__,0,0,0,0,0,0,0,0,0,0,0,0
src/supervision/key_points/core.py,funcao,__iter__,1,3,2,4,4,6,4.7549,12.0,0.6667,8.0,0.4444,0.004
src/supervision/key_points/core.py,funcao,__eq__,1,1,1,1,2,2,0,2.0,0.5,1.0,0.0556,0.0007
src/supervision/key_points/core.py,funcao,from_inference,2,3,2,3,5,5,6.7549,11.6096,1.0,11.6096,0.645,0.0039
src/supervision/key_points/core.py,funcao,from_mediapipe,4,10,6,11,14,17,41.2193,64.725,2.2,142.3951,7.9108,0.0216
src/supervision/key_points/core.py,funcao,from_ultralytics,2,4,2,4,6,6,10.0,15.5098,1.0,15.5098,0.8617,0.0052
src/supervision/key_points/core.py,funcao,from_yolo_nas,4,9,5,10,13,15,36.5293,55.5066,2.2222,123.348,6.8527,0.0185
src/supervision/key_points/core.py,funcao,from_detectron2,1,2,1,2,3,3,2.0,4.7549,0.5,2.3774,0.1321,0.0016
src/supervision/key_points/core.py,funcao,from_transformers,2,4,2,4,6,6,10.0,15.5098,1.0,15.5098,0.8617,0.0052
src/supervision/key_points/core.py,funcao,_get_by_2d_bool_mask,7,23,19,37,30,56,123.6934,274.7859,5.6304,1547.1639,85.9536,0.0916
src/supervision/key_points/core.py,funcao,_normalize_getitem_index,3,17,10,19,20,29,74.2418,125.3359,1.6765,210.122,11.6734,0.0418
src/supervision/key_points/core.py,funcao,_select_fields,1,5,4,8,6,12,11.6096,31.0196,0.8,24.8156,1.3786,0.0103
src/supervision/key_points/core.py,funcao,_reshape_selected,4,15,14,28,19,42,66.6034,178.413,3.7333,666.075,37.0042,0.0595
src/supervision/key_points/core.py,funcao,_getitem_by_normalized_index,0,0,0,0,0,0,0,0,0,0,0,0
src/supervision/key_points/core.py,funcao,__getitem__,2,7,3,7,9,10,21.6515,31.6993,1.0,31.6993,1.7611,0.0106
src/supervision/key_points/core.py,funcao,__setitem__,1,1,1,1,2,2,0,2.0,0.5,1.0,0.0556,0.0007
src/supervision/key_points/core.py,funcao,empty,0,0,0,0,0,0,0,0,0,0,0,0
src/supervision/key_points/core.py,funcao,is_empty,1,2,1,2,3,3,2.0,4.7549,0.5,2.3774,0.1321,0.0016
src/supervision/key_points/core.py,funcao,with_nms,8,14,15,22,22,37,77.303,164.999,6.2857,1037.1364,57.6187,0.055
src/supervision/key_points/core.py,funcao,as_detections,5,9,8,12,14,20,40.139,76.1471,3.3333,253.8237,14.1013,0.0254
src/supervision/metrics/core.py,funcao,update,0,0,0,0,0,0,0,0,0,0,0,0
src/supervision/metrics/core.py,funcao,reset,0,0,0,0,0,0,0,0,0,0,0,0
src/supervision/metrics/core.py,funcao,compute,0,0,0,0,0,0,0,0,0,0,0,0
src/supervision/metrics/detection.py,funcao,_assert_supported_target,1,2,1,2,3,3,2.0,4.7549,0.5,2.3774,0.1321,0.0016
src/supervision/metrics/detection.py,funcao,detections_to_tensor,7,20,13,24,27,37,106.09,175.9308,4.2,738.9095,41.0505,0.0586
src/supervision/metrics/detection.py,funcao,_validate_input_tensors,5,14,9,16,19,25,64.9126,106.1982,2.8571,303.4234,16.8569,0.0354
src/supervision/metrics/detection.py,funcao,_get_coordinate_metadata,2,4,2,4,6,6,10.0,15.5098,1.0,15.5098,0.8617,0.0052
src/supervision/metrics/detection.py,funcao,_validate_detection_batch_shapes,3,12,8,16,15,24,47.7744,93.7654,2.0,187.5307,10.4184,0.0313
src/supervision/metrics/detection.py,funcao,_try_early_exit,2,6,4,8,8,12,17.5098,36.0,1.3333,48.0,2.6667,0.012
src/supervision/metrics/detection.py,funcao,_get_iou_batch,1,2,1,2,3,3,2.0,4.7549,0.5,2.3774,0.1321,0.0016
src/supervision/metrics/detection.py,funcao,_fill_confusion_matrix_from_iou,7,18,13,24,25,37,94.7101,171.8227,4.6667,801.8392,44.5466,0.0573
src/supervision/metrics/detection.py,funcao,validate_input_tensors,0,0,0,0,0,0,0,0,0,0,0,0
src/supervision/metrics/detection.py,funcao,__eq__,3,8,5,11,11,16,28.7549,55.3509,2.0625,114.1612,6.3423,0.0185
src/supervision/metrics/detection.py,funcao,from_detections,0,0,0,0,0,0,0,0,0,0,0,0
src/supervision/metrics/detection.py,funcao,from_tensors,1,2,1,2,3,3,2.0,4.7549,0.5,2.3774,0.1321,0.0016
src/supervision/metrics/detection.py,funcao,evaluate_detection_batch,3,6,4,8,9,12,20.2647,38.0391,2.0,76.0782,4.2266,0.0127
src/supervision/metrics/detection.py,funcao,_drop_extra_matches,2,3,3,4,5,7,6.7549,16.2535,1.3333,21.6713,1.204,0.0054
src/supervision/metrics/detection.py,funcao,benchmark,0,0,0,0,0,0,0,0,0,0,0,0
src/supervision/metrics/detection.py,funcao,plot,9,23,15,27,32,42,132.5713,210.0,5.2826,1109.3478,61.6304,0.07
src/supervision/metrics/detection.py,funcao,compute_average_precision,0,0,0,0,0,0,0,0,0,0,0,0
src/supervision/metrics/detection.py,funcao,_match_detection_batch,5,8,5,9,13,14,35.6096,51.8062,2.8125,145.7048,8.0947,0.0173
src/supervision/metrics/detection.py,funcao,_average_precisions_per_class,6,15,10,19,21,29,74.1131,127.3772,3.8,484.0334,26.8907,0.0425
src/supervision/metrics/f1_score.py,funcao,__init__,2,8,5,11,10,16,26.0,53.1508,1.375,73.0824,4.0601,0.0177
src/supervision/metrics/f1_score.py,funcao,reset,0,0,0,0,0,0,0,0,0,0,0,0
src/supervision/metrics/f1_score.py,funcao,update,2,4,3,4,6,7,10.0,18.0947,1.0,18.0947,1.0053,0.006
src/supervision/metrics/f1_score.py,funcao,compute,0,0,0,0,0,0,0,0,0,0,0,0
src/supervision/metrics/f1_score.py,funcao,_compute,7,17,14,27,24,41,89.1384,187.9835,5.5588,1044.9669,58.0537,0.0627
src/supervision/metrics/f1_score.py,funcao,_compute_f1_for_classes,2,7,5,9,9,14,21.6515,44.379,1.2857,57.0587,3.1699,0.0148
src/supervision/metrics/f1_score.py,funcao,_match_detection_batch,5,8,5,9,13,14,35.6096,51.8062,2.8125,145.7048,8.0947,0.0173
src/supervision/metrics/f1_score.py,funcao,_compute_confusion_matrix,2,8,5,10,10,15,26.0,49.8289,1.25,62.2862,3.4603,0.0166
src/supervision/metrics/f1_score.py,funcao,_compute_f1,6,13,9,16,19,25,63.6155,106.1982,3.6923,392.1164,21.7842,0.0354
src/supervision/metrics/f1_score.py,funcao,_detections_content,4,11,7,14,15,21,46.0537,82.0447,2.5455,208.8411,11.6023,0.0273
src/supervision/metrics/f1_score.py,funcao,_make_empty_content,1,4,3,6,5,9,8.0,20.8974,0.75,15.673,0.8707,0.007
src/supervision/metrics/f1_score.py,funcao,_filter_detections_by_size,3,12,8,16,15,24,47.7744,93.7654,2.0,187.5307,10.4184,0.0313
src/supervision/metrics/f1_score.py,funcao,_filter_predictions_and_targets_by_size,0,0,0,0,0,0,0,0,0,0,0,0
src/supervision/metrics/f1_score.py,funcao,f1_50,0,0,0,0,0,0,0,0,0,0,0,0
src/supervision/metrics/f1_score.py,funcao,f1_75,0,0,0,0,0,0,0,0,0,0,0,0
src/supervision/metrics/f1_score.py,funcao,_ensure_size_results,1,2,1,2,3,3,2.0,4.7549,0.5,2.3774,0.1321,0.0016
src/supervision/metrics/f1_score.py,funcao,small_objects,0,0,0,0,0,0,0,0,0,0,0,0
src/supervision/metrics/f1_score.py,funcao,medium_objects,0,0,0,0,0,0,0,0,0,0,0,0
src/supervision/metrics/f1_score.py,funcao,large_objects,0,0,0,0,0,0,0,0,0,0,0,0
src/supervision/metrics/f1_score.py,funcao,__str__,3,16,12,24,19,36,68.7549,152.9254,2.25,344.0821,19.1157,0.051
src/supervision/metrics/f1_score.py,funcao,to_pandas,1,4,3,6,5,9,8.0,20.8974,0.75,15.673,0.8707,0.007
src/supervision/metrics/f1_score.py,funcao,plot,4,26,19,38,30,57,130.2114,279.6928,2.9231,817.5635,45.4202,0.0932
src/supervision/metrics/mean_average_precision.py,funcao,__init__,0,0,0,0,0,0,0,0,0,0,0,0
src/supervision/metrics/mean_average_precision.py,funcao,map50_95,2,5,4,6,7,10,13.6096,28.0735,1.2,33.6883,1.8716,0.0094
src/supervision/metrics/mean_average_precision.py,funcao,map50,0,0,0,0,0,0,0,0,0,0,0,0
src/supervision/metrics/mean_average_precision.py,funcao,map75,0,0,0,0,0,0,0,0,0,0,0,0
src/supervision/metrics/mean_average_precision.py,funcao,small_objects,2,5,4,8,7,12,13.6096,33.6883,1.6,53.9012,2.9945,0.0112
src/supervision/metrics/mean_average_precision.py,funcao,medium_objects,2,5,4,8,7,12,13.6096,33.6883,1.6,53.9012,2.9945,0.0112
src/supervision/metrics/mean_average_precision.py,funcao,large_objects,2,5,4,8,7,12,13.6096,33.6883,1.6,53.9012,2.9945,0.0112
src/supervision/metrics/mean_average_precision.py,funcao,__str__,2,7,4,9,9,13,21.6515,41.209,1.2857,52.983,2.9435,0.0137
src/supervision/metrics/mean_average_precision.py,funcao,to_pandas,1,4,3,6,5,9,8.0,20.8974,0.75,15.673,0.8707,0.007
src/supervision/metrics/mean_average_precision.py,funcao,plot,4,27,19,38,31,57,136.382,282.3892,2.8148,794.8733,44.1596,0.0941
src/supervision/metrics/mean_average_precision.py,funcao,empty,0,0,0,0,0,0,0,0,0,0,0,0
src/supervision/metrics/mean_average_precision.py,funcao,create_class_members,2,6,6,12,8,18,17.5098,54.0,2.0,108.0,6.0,0.018
src/supervision/metrics/mean_average_precision.py,funcao,get_annotation_ids,6,15,12,19,21,31,74.1131,136.1618,3.8,517.415,28.7453,0.0454
src/supervision/metrics/mean_average_precision.py,funcao,get_category_ids,3,9,10,15,12,25,33.2842,89.6241,2.5,224.0602,12.4478,0.0299
src/supervision/metrics/mean_average_precision.py,funcao,get_image_ids,4,10,7,11,14,18,41.2193,68.5324,2.2,150.7713,8.3762,0.0228
src/supervision/metrics/mean_average_precision.py,funcao,get_annotations,1,2,1,2,3,3,2.0,4.7549,0.5,2.3774,0.1321,0.0016
src/supervision/metrics/mean_average_precision.py,funcao,load_predictions,8,28,17,32,36,49,158.6059,253.3263,4.5714,1158.0632,64.3368,0.0844
src/supervision/metrics/mean_average_precision.py,funcao,eval_imgs,0,0,0,0,0,0,0,0,0,0,0,0
src/supervision/metrics/mean_average_precision.py,funcao,results,0,0,0,0,0,0,0,0,0,0,0,0
src/supervision/metrics/mean_average_precision.py,funcao,stats,0,0,0,0,0,0,0,0,0,0,0,0
src/supervision/metrics/mean_average_precision.py,funcao,ious,0,0,0,0,0,0,0,0,0,0,0,0
src/supervision/metrics/mean_average_precision.py,funcao,_targets,0,0,0,0,0,0,0,0,0,0,0,0
src/supervision/metrics/mean_average_precision.py,funcao,_predictions,0,0,0,0,0,0,0,0,0,0,0,0
src/supervision/metrics/mean_average_precision.py,funcao,_prepare_targets_and_predictions,2,5,3,6,7,9,13.6096,25.2662,1.2,30.3194,1.6844,0.0084
src/supervision/metrics/mean_average_precision.py,funcao,_compute_iou,4,9,7,11,13,18,36.5293,66.6079,2.4444,162.8193,9.0455,0.0222
src/supervision/metrics/mean_average_precision.py,funcao,_evaluate_image,11,35,27,48,46,75,217.5787,414.2671,7.5429,3124.7579,173.5977,0.1381
src/supervision/metrics/mean_average_precision.py,funcao,_initialize_accumulation,1,3,3,3,4,6,4.7549,12.0,0.5,6.0,0.3333,0.004
src/supervision/metrics/mean_average_precision.py,funcao,_select_evaluation_indices,1,8,4,8,9,12,24.0,38.0391,0.5,19.0196,1.0566,0.0127
src/supervision/metrics/mean_average_precision.py,funcao,_compute_raw_metrics,11,34,27,49,45,76,211.0275,417.3808,7.9265,3308.3569,183.7976,0.1391
src/supervision/metrics/mean_average_precision.py,funcao,_compute_average_precision,3,6,4,6,9,10,20.2647,31.6993,1.5,47.5489,2.6416,0.0106
src/supervision/metrics/mean_average_precision.py,funcao,_compute_average_precision_by_size,0,0,0,0,0,0,0,0,0,0,0,0
src/supervision/metrics/mean_average_precision.py,funcao,_accumulate,0,0,0,0,0,0,0,0,0,0,0,0
src/supervision/metrics/mean_average_precision.py,funcao,_pycocotools_summarize,6,11,13,22,17,35,53.5635,143.0612,6.0,858.3672,47.6871,0.0477
src/supervision/metrics/mean_average_precision.py,funcao,evaluate,1,1,1,1,2,2,0,2.0,0.5,1.0,0.0556,0.0007
src/supervision/metrics/mean_average_precision.py,funcao,reset,0,0,0,0,0,0,0,0,0,0,0,0
src/supervision/metrics/mean_average_precision.py,funcao,update,4,7,7,10,11,17,27.6515,58.8103,2.8571,168.0295,9.335,0.0196
src/supervision/metrics/mean_average_precision.py,funcao,_prepare_targets,7,20,16,32,27,48,106.09,228.2346,5.6,1278.1138,71.0063,0.0761
src/supervision/metrics/mean_average_precision.py,funcao,_prepare_predictions,7,18,13,26,25,39,94.7101,181.1104,5.0556,915.6136,50.8674,0.0604
src/supervision/metrics/mean_average_precision.py,funcao,compute,1,2,1,2,3,3,2.0,4.7549,0.5,2.3774,0.1321,0.0016
src/supervision/metrics/mean_average_recall.py,funcao,_ensure_size_results,1,2,1,2,3,3,2.0,4.7549,0.5,2.3774,0.1321,0.0016
src/supervision/metrics/mean_average_recall.py,funcao,small_objects,0,0,0,0,0,0,0,0,0,0,0,0
src/supervision/metrics/mean_average_recall.py,funcao,medium_objects,0,0,0,0,0,0,0,0,0,0,0,0
src/supervision/metrics/mean_average_recall.py,funcao,large_objects,0,0,0,0,0,0,0,0,0,0,0,0
src/supervision/metrics/mean_average_recall.py,funcao,__init__,0,0,0,0,0,0,0,0,0,0,0,0
src/supervision/metrics/mean_average_recall.py,funcao,mAR_at_1,0,0,0,0,0,0,0,0,0,0,0,0
src/supervision/metrics/mean_average_recall.py,funcao,mAR_at_10,0,0,0,0,0,0,0,0,0,0,0,0
src/supervision/metrics/mean_average_recall.py,funcao,mAR_at_100,0,0,0,0,0,0,0,0,0,0,0,0
src/supervision/metrics/mean_average_recall.py,funcao,__str__,3,16,12,24,19,36,68.7549,152.9254,2.25,344.0821,19.1157,0.051
src/supervision/metrics/mean_average_recall.py,funcao,to_pandas,1,4,3,6,5,9,8.0,20.8974,0.75,15.673,0.8707,0.007
src/supervision/metrics/mean_average_recall.py,funcao,plot,4,27,19,38,31,57,136.382,282.3892,2.8148,794.8733,44.1596,0.0941
src/supervision/metrics/mean_average_recall.py,funcao,reset,0,0,0,0,0,0,0,0,0,0,0,0
src/supervision/metrics/mean_average_recall.py,funcao,update,2,4,3,4,6,7,10.0,18.0947,1.0,18.0947,1.0053,0.006
src/supervision/metrics/mean_average_recall.py,funcao,compute,0,0,0,0,0,0,0,0,0,0,0,0
src/supervision/metrics/mean_average_recall.py,funcao,_compute,5,11,9,16,16,25,49.6634,100.0,3.6364,363.6364,20.202,0.0333
src/supervision/metrics/mean_average_recall.py,funcao,_compute_average_recall_for_classes,1,2,2,4,3,6,2.0,9.5098,1.0,9.5098,0.5283,0.0032
src/supervision/metrics/mean_average_recall.py,funcao,_match_detection_batch,5,8,5,9,13,14,35.6096,51.8062,2.8125,145.7048,8.0947,0.0173
src/supervision/metrics/mean_average_recall.py,funcao,_compute_confusion_matrix,2,8,5,10,10,15,26.0,49.8289,1.25,62.2862,3.4603,0.0166
src/supervision/metrics/mean_average_recall.py,funcao,_compute_recall,5,8,6,10,13,16,35.6096,59.207,3.125,185.022,10.279,0.0197
src/supervision/metrics/mean_average_recall.py,funcao,_detections_content,4,11,7,14,15,21,46.0537,82.0447,2.5455,208.8411,11.6023,0.0273
src/supervision/metrics/mean_average_recall.py,funcao,_make_empty_content,1,4,3,6,5,9,8.0,20.8974,0.75,15.673,0.8707,0.007
src/supervision/metrics/mean_average_recall.py,funcao,_filter_detections_by_size,3,12,8,16,15,24,47.7744,93.7654,2.0,187.5307,10.4184,0.0313
src/supervision/metrics/mean_average_recall.py,funcao,_filter_predictions_and_targets_by_size,0,0,0,0,0,0,0,0,0,0,0,0
src/supervision/metrics/precision.py,funcao,__init__,0,0,0,0,0,0,0,0,0,0,0,0
src/supervision/metrics/precision.py,funcao,precision_at_50,0,0,0,0,0,0,0,0,0,0,0,0
src/supervision/metrics/precision.py,funcao,precision_at_75,0,0,0,0,0,0,0,0,0,0,0,0
src/supervision/metrics/precision.py,funcao,small_objects,2,5,4,8,7,12,13.6096,33.6883,1.6,53.9012,2.9945,0.0112
src/supervision/metrics/precision.py,funcao,medium_objects,2,5,4,8,7,12,13.6096,33.6883,1.6,53.9012,2.9945,0.0112
src/supervision/metrics/precision.py,funcao,large_objects,2,5,4,8,7,12,13.6096,33.6883,1.6,53.9012,2.9945,0.0112
src/supervision/metrics/precision.py,funcao,__str__,3,16,12,24,19,36,68.7549,152.9254,2.25,344.0821,19.1157,0.051
src/supervision/metrics/precision.py,funcao,to_pandas,1,4,3,6,5,9,8.0,20.8974,0.75,15.673,0.8707,0.007
src/supervision/metrics/precision.py,funcao,plot,4,26,19,38,30,57,130.2114,279.6928,2.9231,817.5635,45.4202,0.0932
src/supervision/metrics/precision.py,funcao,reset,0,0,0,0,0,0,0,0,0,0,0,0
src/supervision/metrics/precision.py,funcao,update,2,4,3,4,6,7,10.0,18.0947,1.0,18.0947,1.0053,0.006
src/supervision/metrics/precision.py,funcao,compute,0,0,0,0,0,0,0,0,0,0,0,0
src/supervision/metrics/precision.py,funcao,_compute,7,17,14,27,24,41,89.1384,187.9835,5.5588,1044.9669,58.0537,0.0627
src/supervision/metrics/precision.py,funcao,_compute_precision_for_classes,2,7,5,9,9,14,21.6515,44.379,1.2857,57.0587,3.1699,0.0148
src/supervision/metrics/precision.py,funcao,_match_detection_batch,5,8,5,9,13,14,35.6096,51.8062,2.8125,145.7048,8.0947,0.0173
src/supervision/metrics/precision.py,funcao,_compute_confusion_matrix,2,8,5,10,10,15,26.0,49.8289,1.25,62.2862,3.4603,0.0166
src/supervision/metrics/precision.py,funcao,_compute_precision,5,8,5,8,13,13,35.6096,48.1057,2.5,120.2643,6.6813,0.016
src/supervision/metrics/precision.py,funcao,_detections_content,4,11,7,14,15,21,46.0537,82.0447,2.5455,208.8411,11.6023,0.0273
src/supervision/metrics/precision.py,funcao,_make_empty_content,1,4,3,6,5,9,8.0,20.8974,0.75,15.673,0.8707,0.007
src/supervision/metrics/precision.py,funcao,_filter_detections_by_size,3,12,8,16,15,24,47.7744,93.7654,2.0,187.5307,10.4184,0.0313
src/supervision/metrics/precision.py,funcao,_filter_predictions_and_targets_by_size,0,0,0,0,0,0,0,0,0,0,0,0
src/supervision/metrics/recall.py,funcao,recall_at_50,0,0,0,0,0,0,0,0,0,0,0,0
src/supervision/metrics/recall.py,funcao,recall_at_75,0,0,0,0,0,0,0,0,0,0,0,0
src/supervision/metrics/recall.py,funcao,__init__,0,0,0,0,0,0,0,0,0,0,0,0
src/supervision/metrics/recall.py,funcao,_ensure_size_results,1,2,1,2,3,3,2.0,4.7549,0.5,2.3774,0.1321,0.0016
src/supervision/metrics/recall.py,funcao,small_objects,0,0,0,0,0,0,0,0,0,0,0,0
src/supervision/metrics/recall.py,funcao,medium_objects,0,0,0,0,0,0,0,0,0,0,0,0
src/supervision/metrics/recall.py,funcao,large_objects,0,0,0,0,0,0,0,0,0,0,0,0
src/supervision/metrics/recall.py,funcao,reset,0,0,0,0,0,0,0,0,0,0,0,0
src/supervision/metrics/recall.py,funcao,update,2,4,3,4,6,7,10.0,18.0947,1.0,18.0947,1.0053,0.006
src/supervision/metrics/recall.py,funcao,compute,0,0,0,0,0,0,0,0,0,0,0,0
src/supervision/metrics/recall.py,funcao,_compute,4,10,8,15,14,23,41.2193,87.5692,3.0,262.7075,14.5949,0.0292
src/supervision/metrics/recall.py,funcao,_compute_recall_for_classes,2,5,4,7,7,11,13.6096,30.8809,1.4,43.2333,2.4018,0.0103
src/supervision/metrics/recall.py,funcao,_match_detection_batch,5,8,5,9,13,14,35.6096,51.8062,2.8125,145.7048,8.0947,0.0173
src/supervision/metrics/recall.py,funcao,_compute_confusion_matrix,2,8,5,10,10,15,26.0,49.8289,1.25,62.2862,3.4603,0.0166
src/supervision/metrics/recall.py,funcao,_compute_recall,5,8,5,8,13,13,35.6096,48.1057,2.5,120.2643,6.6813,0.016
src/supervision/metrics/recall.py,funcao,_detections_content,4,11,7,14,15,21,46.0537,82.0447,2.5455,208.8411,11.6023,0.0273
src/supervision/metrics/recall.py,funcao,_make_empty_content,1,4,3,6,5,9,8.0,20.8974,0.75,15.673,0.8707,0.007
src/supervision/metrics/recall.py,funcao,_filter_detections_by_size,3,12,8,16,15,24,47.7744,93.7654,2.0,187.5307,10.4184,0.0313
src/supervision/metrics/recall.py,funcao,_filter_predictions_and_targets_by_size,0,0,0,0,0,0,0,0,0,0,0,0
src/supervision/metrics/recall.py,funcao,__str__,3,16,12,24,19,36,68.7549,152.9254,2.25,344.0821,19.1157,0.051
src/supervision/metrics/recall.py,funcao,to_pandas,1,4,3,6,5,9,8.0,20.8974,0.75,15.673,0.8707,0.007
src/supervision/metrics/recall.py,funcao,plot,4,26,19,38,30,57,130.2114,279.6928,2.9231,817.5635,45.4202,0.0932
src/supervision/metrics/utils/object_size.py,funcao,get_object_size_category,1,4,3,6,5,9,8.0,20.8974,0.75,15.673,0.8707,0.007
src/supervision/metrics/utils/object_size.py,funcao,get_bbox_size_category,7,17,11,22,24,33,89.1384,151.3038,4.5294,685.317,38.0732,0.0504
src/supervision/metrics/utils/object_size.py,funcao,get_mask_size_category,4,7,6,12,11,18,27.6515,62.2698,3.4286,213.4964,11.8609,0.0208
src/supervision/metrics/utils/object_size.py,funcao,get_obb_size_category,8,38,25,51,46,76,223.4212,419.7907,5.3684,2253.6133,125.2007,0.1399
src/supervision/metrics/utils/object_size.py,funcao,get_detection_size_category,2,7,5,10,9,15,21.6515,47.5489,1.4286,67.927,3.7737,0.0158
src/supervision/metrics/utils/utils.py,funcao,ensure_pandas_installed,0,0,0,0,0,0,0,0,0,0,0,0
src/supervision/tracker/byte_tracker/core.py,funcao,__init__,3,6,3,6,9,9,20.2647,28.5293,1.5,42.794,2.3774,0.0095
src/supervision/tracker/byte_tracker/core.py,funcao,frame_id,0,0,0,0,0,0,0,0,0,0,0,0
src/supervision/tracker/byte_tracker/core.py,funcao,update_with_detections,5,8,6,10,13,16,35.6096,59.207,3.125,185.022,10.279,0.0197
src/supervision/tracker/byte_tracker/core.py,funcao,reset,0,0,0,0,0,0,0,0,0,0,0,0
src/supervision/tracker/byte_tracker/core.py,funcao,update_with_tensors,1,10,6,12,11,18,33.2193,62.2698,0.6,37.3619,2.0757,0.0208
src/supervision/tracker/byte_tracker/core.py,funcao,_split_by_confidence,3,6,6,11,9,17,20.2647,53.8887,2.75,148.194,8.233,0.018
src/supervision/tracker/byte_tracker/core.py,funcao,_build_stracks,1,2,1,2,3,3,2.0,4.7549,0.5,2.3774,0.1321,0.0016
src/supervision/tracker/byte_tracker/core.py,funcao,_separate_tracks,1,1,1,1,2,2,0,2.0,0.5,1.0,0.0556,0.0007
src/supervision/tracker/byte_tracker/core.py,funcao,_first_association,1,2,1,2,3,3,2.0,4.7549,0.5,2.3774,0.1321,0.0016
src/supervision/tracker/byte_tracker/core.py,funcao,_second_association,2,3,3,6,5,9,6.7549,20.8974,2.0,41.7947,2.3219,0.007
src/supervision/tracker/byte_tracker/core.py,funcao,_unconfirmed_and_init_new,2,4,2,4,6,6,10.0,15.5098,1.0,15.5098,0.8617,0.0052
src/supervision/tracker/byte_tracker/core.py,funcao,_remove_stale_lost_tracks,3,5,3,6,8,9,16.3645,27.0,1.8,48.6,2.7,0.009
src/supervision/tracker/byte_tracker/core.py,funcao,_update_state,1,2,1,2,3,3,2.0,4.7549,0.5,2.3774,0.1321,0.0016
src/supervision/tracker/byte_tracker/core.py,funcao,joint_tracks,2,4,2,4,6,6,10.0,15.5098,1.0,15.5098,0.8617,0.0052
src/supervision/tracker/byte_tracker/core.py,funcao,sub_tracks,0,0,0,0,0,0,0,0,0,0,0,0
src/supervision/tracker/byte_tracker/core.py,funcao,remove_duplicate_tracks,4,9,6,12,13,18,36.5293,66.6079,2.6667,177.6211,9.8678,0.0222
src/supervision/tracker/byte_tracker/kalman_filter.py,funcao,__init__,3,6,6,12,9,18,20.2647,57.0587,3.0,171.176,9.5098,0.019
src/supervision/tracker/byte_tracker/kalman_filter.py,funcao,initiate,1,16,12,24,17,36,64.0,147.1487,0.75,110.3615,6.1312,0.049
src/supervision/tracker/byte_tracker/kalman_filter.py,funcao,predict,2,10,7,14,12,21,35.2193,75.2842,1.4,105.3979,5.8554,0.0251
src/supervision/tracker/byte_tracker/kalman_filter.py,funcao,project,2,6,4,8,8,12,17.5098,36.0,1.3333,48.0,2.6667,0.012
src/supervision/tracker/byte_tracker/kalman_filter.py,funcao,multi_predict,2,14,9,18,16,27,55.303,108.0,1.2857,138.8571,7.7143,0.036
src/supervision/tracker/byte_tracker/kalman_filter.py,funcao,update,2,6,3,6,8,9,17.5098,27.0,1.0,27.0,1.5,0.009
src/supervision/tracker/byte_tracker/matching.py,funcao,indices_to_matches,2,6,3,6,8,9,17.5098,27.0,1.0,27.0,1.5,0.009
src/supervision/tracker/byte_tracker/matching.py,funcao,linear_assignment,3,5,3,6,8,9,16.3645,27.0,1.8,48.6,2.7,0.009
src/supervision/tracker/byte_tracker/matching.py,funcao,iou_distance,5,12,7,14,17,21,54.6292,85.8367,2.9167,250.3571,13.9087,0.0286
src/supervision/tracker/byte_tracker/matching.py,funcao,fuse_score,3,7,4,8,10,12,24.4064,39.8631,1.7143,68.3368,3.7965,0.0133
src/supervision/tracker/byte_tracker/single_object_track.py,funcao,__post_init__,0,0,0,0,0,0,0,0,0,0,0,0
src/supervision/tracker/byte_tracker/single_object_track.py,funcao,__init__,0,0,0,0,0,0,0,0,0,0,0,0
src/supervision/tracker/byte_tracker/single_object_track.py,funcao,state,0,0,0,0,0,0,0,0,0,0,0,0
src/supervision/tracker/byte_tracker/single_object_track.py,funcao,is_activated,0,0,0,0,0,0,0,0,0,0,0,0
src/supervision/tracker/byte_tracker/single_object_track.py,funcao,start_frame,0,0,0,0,0,0,0,0,0,0,0,0
src/supervision/tracker/byte_tracker/single_object_track.py,funcao,frame_id,0,0,0,0,0,0,0,0,0,0,0,0
src/supervision/tracker/byte_tracker/single_object_track.py,funcao,kalman_filter,0,0,0,0,0,0,0,0,0,0,0,0
src/supervision/tracker/byte_tracker/single_object_track.py,funcao,mean,0,0,0,0,0,0,0,0,0,0,0,0
src/supervision/tracker/byte_tracker/single_object_track.py,funcao,covariance,0,0,0,0,0,0,0,0,0,0,0,0
src/supervision/tracker/byte_tracker/single_object_track.py,funcao,score,0,0,0,0,0,0,0,0,0,0,0,0
src/supervision/tracker/byte_tracker/single_object_track.py,funcao,tracklet_len,0,0,0,0,0,0,0,0,0,0,0,0
src/supervision/tracker/byte_tracker/single_object_track.py,funcao,minimum_consecutive_frames,0,0,0,0,0,0,0,0,0,0,0,0
src/supervision/tracker/byte_tracker/single_object_track.py,funcao,internal_track_id,0,0,0,0,0,0,0,0,0,0,0,0
src/supervision/tracker/byte_tracker/single_object_track.py,funcao,external_track_id,0,0,0,0,0,0,0,0,0,0,0,0
src/supervision/tracker/byte_tracker/single_object_track.py,funcao,predict,2,6,4,8,8,12,17.5098,36.0,1.3333,48.0,2.6667,0.012
src/supervision/tracker/byte_tracker/single_object_track.py,funcao,multi_predict,3,7,4,8,10,12,24.4064,39.8631,1.7143,68.3368,3.7965,0.0133
src/supervision/tracker/byte_tracker/single_object_track.py,funcao,activate,1,3,2,4,4,6,4.7549,12.0,0.6667,8.0,0.4444,0.004
src/supervision/tracker/byte_tracker/single_object_track.py,funcao,re_activate,1,4,3,6,5,9,8.0,20.8974,0.75,15.673,0.8707,0.007
src/supervision/tracker/byte_tracker/single_object_track.py,funcao,update,3,9,6,12,12,18,33.2842,64.5293,2.0,129.0587,7.1699,0.0215
src/supervision/tracker/byte_tracker/single_object_track.py,funcao,tlwh,4,8,4,8,12,12,32.0,43.0196,2.0,86.0391,4.78,0.0143
src/supervision/tracker/byte_tracker/single_object_track.py,funcao,tlbr,1,2,1,2,3,3,2.0,4.7549,0.5,2.3774,0.1321,0.0016
src/supervision/tracker/byte_tracker/single_object_track.py,funcao,tlwh_to_xyah,2,6,3,6,8,9,17.5098,27.0,1.0,27.0,1.5,0.009
src/supervision/tracker/byte_tracker/single_object_track.py,funcao,to_xyah,0,0,0,0,0,0,0,0,0,0,0,0
src/supervision/tracker/byte_tracker/single_object_track.py,funcao,tlbr_to_tlwh,1,2,1,2,3,3,2.0,4.7549,0.5,2.3774,0.1321,0.0016
src/supervision/tracker/byte_tracker/single_object_track.py,funcao,tlwh_to_tlbr,1,2,1,2,3,3,2.0,4.7549,0.5,2.3774,0.1321,0.0016
src/supervision/tracker/byte_tracker/single_object_track.py,funcao,__repr__,0,0,0,0,0,0,0,0,0,0,0,0
src/supervision/tracker/byte_tracker/utils.py,funcao,__init__,1,2,1,2,3,3,2.0,4.7549,0.5,2.3774,0.1321,0.0016
src/supervision/tracker/byte_tracker/utils.py,funcao,reset,0,0,0,0,0,0,0,0,0,0,0,0
src/supervision/tracker/byte_tracker/utils.py,funcao,new_id,1,2,1,2,3,3,2.0,4.7549,0.5,2.3774,0.1321,0.0016
src/supervision/tracker/byte_tracker/utils.py,funcao,NO_ID,1,1,1,1,2,2,0,2.0,0.5,1.0,0.0556,0.0007
src/supervision/utils/conversion.py,funcao,ensure_cv2_image_for_class_method,0,0,0,0,0,0,0,0,0,0,0,0
src/supervision/utils/conversion.py,funcao,ensure_cv2_image_for_annotation,0,0,0,0,0,0,0,0,0,0,0,0
src/supervision/utils/conversion.py,funcao,ensure_cv2_image_for_standalone_function,0,0,0,0,0,0,0,0,0,0,0,0
src/supervision/utils/conversion.py,funcao,ensure_pil_image_for_class_method,0,0,0,0,0,0,0,0,0,0,0,0
src/supervision/utils/conversion.py,funcao,ensure_pil_image_for_annotation,0,0,0,0,0,0,0,0,0,0,0,0
src/supervision/utils/conversion.py,funcao,ensure_cv2_image_for_processing,0,0,0,0,0,0,0,0,0,0,0,0
src/supervision/utils/conversion.py,funcao,images_to_cv2,0,0,0,0,0,0,0,0,0,0,0,0
src/supervision/utils/conversion.py,funcao,pillow_to_cv2,0,0,0,0,0,0,0,0,0,0,0,0
src/supervision/utils/conversion.py,funcao,cv2_to_pillow,0,0,0,0,0,0,0,0,0,0,0,0
src/supervision/utils/file.py,funcao,default,0,0,0,0,0,0,0,0,0,0,0,0
src/supervision/utils/file.py,funcao,list_files_with_extensions,5,8,5,9,13,14,35.6096,51.8062,2.8125,145.7048,8.0947,0.0173
src/supervision/utils/file.py,funcao,read_txt_file,0,0,0,0,0,0,0,0,0,0,0,0
src/supervision/utils/file.py,funcao,save_text_file,1,2,1,2,3,3,2.0,4.7549,0.5,2.3774,0.1321,0.0016
src/supervision/utils/file.py,funcao,read_json_file,0,0,0,0,0,0,0,0,0,0,0,0
src/supervision/utils/file.py,funcao,save_json_file,0,0,0,0,0,0,0,0,0,0,0,0
src/supervision/utils/file.py,funcao,read_yaml_file,0,0,0,0,0,0,0,0,0,0,0,0
src/supervision/utils/file.py,funcao,save_yaml_file,0,0,0,0,0,0,0,0,0,0,0,0
src/supervision/utils/image.py,funcao,crop_image,0,0,0,0,0,0,0,0,0,0,0,0
src/supervision/utils/image.py,funcao,scale_image,2,4,3,6,6,9,10.0,23.2647,1.5,34.897,1.9387,0.0078
src/supervision/utils/image.py,funcao,resize_image,3,8,5,10,11,15,28.7549,51.8915,1.875,97.2965,5.4054,0.0173
src/supervision/utils/image.py,funcao,letterbox_image,2,13,8,16,15,24,50.1057,93.7654,1.2308,115.4035,6.4113,0.0313
src/supervision/utils/image.py,funcao,overlay_image,9,30,25,48,39,73,175.736,385.8344,7.2,2778.0074,154.3337,0.1286
src/supervision/utils/image.py,funcao,tint_image,3,4,4,6,7,10,12.7549,28.0735,2.25,63.1655,3.5092,0.0094
src/supervision/utils/image.py,funcao,grayscale_image,0,0,0,0,0,0,0,0,0,0,0,0
src/supervision/utils/image.py,funcao,get_image_resolution_wh,1,2,1,2,3,3,2.0,4.7549,0.5,2.3774,0.1321,0.0016
src/supervision/utils/image.py,funcao,__init__,0,0,0,0,0,0,0,0,0,0,0,0
src/supervision/utils/image.py,funcao,__enter__,0,0,0,0,0,0,0,0,0,0,0,0
src/supervision/utils/image.py,funcao,save_image,2,4,2,4,6,6,10.0,15.5098,1.0,15.5098,0.8617,0.0052
src/supervision/utils/image.py,funcao,__exit__,0,0,0,0,0,0,0,0,0,0,0,0
src/supervision/utils/image.py,funcao,create_tiles,5,12,7,14,17,21,54.6292,85.8367,2.9167,250.3571,13.9087,0.0286
src/supervision/utils/image.py,funcao,_negotiate_tiles_format,2,4,2,4,6,6,10.0,15.5098,1.0,15.5098,0.8617,0.0052
src/supervision/utils/image.py,funcao,_calculate_aggregated_images_shape,0,0,0,0,0,0,0,0,0,0,0,0
src/supervision/utils/image.py,funcao,_aggregate_images_shape,1,2,1,2,3,3,2.0,4.7549,0.5,2.3774,0.1321,0.0016
src/supervision/utils/image.py,funcao,_establish_grid_size,4,11,9,18,15,27,46.0537,105.486,3.2727,345.2271,19.1793,0.0352
src/supervision/utils/image.py,funcao,_negotiate_grid_size,4,8,5,10,12,15,32.0,53.7744,2.5,134.4361,7.4687,0.0179
src/supervision/utils/image.py,funcao,_generate_tiles,3,6,5,8,9,13,20.2647,41.209,2.0,82.4181,4.5788,0.0137
src/supervision/utils/image.py,funcao,_draw_texts,1,4,3,6,5,9,8.0,20.8974,0.75,15.673,0.8707,0.007
src/supervision/utils/image.py,funcao,_prepare_default_titles_anchors,4,9,6,12,13,18,36.5293,66.6079,2.6667,177.6211,9.8678,0.0222
src/supervision/utils/image.py,funcao,_merge_tiles_elements,2,6,5,8,8,13,17.5098,39.0,1.3333,52.0,2.8889,0.013
src/supervision/utils/image.py,funcao,_generate_color_image,2,3,2,3,5,5,6.7549,11.6096,1.0,11.6096,0.645,0.0039
src/supervision/utils/internal.py,funcao,format_warning,0,0,0,0,0,0,0,0,0,0,0,0
src/supervision/utils/internal.py,funcao,warn_deprecated,0,0,0,0,0,0,0,0,0,0,0,0
src/supervision/utils/internal.py,funcao,deprecated_parameter,2,4,2,4,6,6,10.0,15.5098,1.0,15.5098,0.8617,0.0052
src/supervision/utils/internal.py,funcao,__init__,0,0,0,0,0,0,0,0,0,0,0,0
src/supervision/utils/internal.py,funcao,__get__,1,2,1,2,3,3,2.0,4.7549,0.5,2.3774,0.1321,0.0016
src/supervision/utils/internal.py,funcao,get_instance_variables,3,7,5,7,10,12,24.4064,39.8631,1.5,59.7947,3.3219,0.0133
src/supervision/utils/iterables.py,funcao,create_batches,1,2,1,2,3,3,2.0,4.7549,0.5,2.3774,0.1321,0.0016
src/supervision/utils/iterables.py,funcao,fill,2,4,2,4,6,6,10.0,15.5098,1.0,15.5098,0.8617,0.0052
src/supervision/utils/iterables.py,funcao,find_duplicates,1,2,1,2,3,3,2.0,4.7549,0.5,2.3774,0.1321,0.0016
src/supervision/utils/logger.py,funcao,_get_logger,3,5,3,5,8,8,16.3645,24.0,1.5,36.0,2.0,0.008
src/supervision/utils/notebook.py,funcao,plot_image,1,2,1,2,3,3,2.0,4.7549,0.5,2.3774,0.1321,0.0016
src/supervision/utils/notebook.py,funcao,plot_images_grid,6,13,7,14,19,21,63.6155,89.2065,3.2308,288.2055,16.0114,0.0297
src/supervision/utils/video.py,funcao,from_video_path,1,1,1,1,2,2,0,2.0,0.5,1.0,0.0556,0.0007
src/supervision/utils/video.py,funcao,resolution_wh,0,0,0,0,0,0,0,0,0,0,0,0
src/supervision/utils/video.py,funcao,__init__,0,0,0,0,0,0,0,0,0,0,0,0
src/supervision/utils/video.py,funcao,__enter__,0,0,0,0,0,0,0,0,0,0,0,0
src/supervision/utils/video.py,funcao,write_frame,1,2,1,2,3,3,2.0,4.7549,0.5,2.3774,0.1321,0.0016
src/supervision/utils/video.py,funcao,__exit__,1,2,1,2,3,3,2.0,4.7549,0.5,2.3774,0.1321,0.0016
src/supervision/utils/video.py,funcao,_mux_audio,4,7,4,8,11,12,27.6515,41.5132,2.2857,94.8873,5.2715,0.0138
src/supervision/utils/video.py,funcao,_validate_and_setup_video,5,10,9,16,15,25,44.8289,97.6723,4.0,390.6891,21.7049,0.0326
src/supervision/utils/video.py,funcao,get_video_frames_generator,6,9,7,12,15,19,44.0391,74.2309,4.0,296.9237,16.4958,0.0247
src/supervision/utils/video.py,funcao,_reader_thread,0,0,0,0,0,0,0,0,0,0,0,0
src/supervision/utils/video.py,funcao,_writer_thread,1,2,1,2,3,3,2.0,4.7549,0.5,2.3774,0.1321,0.0016
src/supervision/utils/video.py,funcao,_drain_and_cleanup,3,5,4,6,8,10,16.3645,30.0,1.8,54.0,3.0,0.01
src/supervision/utils/video.py,funcao,_mux_audio_if_needed,0,0,0,0,0,0,0,0,0,0,0,0
src/supervision/utils/video.py,funcao,_total_frames,2,4,3,6,6,9,10.0,23.2647,1.5,34.897,1.9387,0.0078
src/supervision/utils/video.py,funcao,_start_workers,0,0,0,0,0,0,0,0,0,0,0,0
src/supervision/utils/video.py,funcao,_setup_progress_bar,1,1,1,1,2,2,0,2.0,0.5,1.0,0.0556,0.0007
src/supervision/utils/video.py,funcao,_process_frames,1,2,1,2,3,3,2.0,4.7549,0.5,2.3774,0.1321,0.0016
src/supervision/utils/video.py,funcao,run,0,0,0,0,0,0,0,0,0,0,0,0
src/supervision/utils/video.py,funcao,process_video,0,0,0,0,0,0,0,0,0,0,0,0
src/supervision/utils/video.py,funcao,fps,5,7,5,8,12,13,31.2611,46.6045,2.8571,133.1558,7.3975,0.0155
src/supervision/utils/video.py,funcao,tick,0,0,0,0,0,0,0,0,0,0,0,0
src/supervision/utils/video.py,funcao,reset,0,0,0,0,0,0,0,0,0,0,0,0
src/supervision/validators/__init__.py,funcao,_validate_xyxy,3,8,4,8,11,12,28.7549,41.5132,1.5,62.2698,3.4594,0.0138
src/supervision/validators/__init__.py,funcao,validate_xyxy,0,0,0,0,0,0,0,0,0,0,0,0
src/supervision/validators/__init__.py,funcao,_validate_mask,6,14,8,15,20,23,68.8127,99.4043,3.2143,319.514,17.7508,0.0331
src/supervision/validators/__init__.py,funcao,validate_mask,0,0,0,0,0,0,0,0,0,0,0,0
src/supervision/validators/__init__.py,funcao,_validate_class_id,5,9,5,9,14,14,40.139,53.303,2.5,133.2574,7.4032,0.0178
src/supervision/validators/__init__.py,funcao,validate_class_id,0,0,0,0,0,0,0,0,0,0,0,0
src/supervision/validators/__init__.py,funcao,_validate_confidence,5,9,5,9,14,14,40.139,53.303,2.5,133.2574,7.4032,0.0178
src/supervision/validators/__init__.py,funcao,validate_confidence,0,0,0,0,0,0,0,0,0,0,0,0
src/supervision/validators/__init__.py,funcao,_validate_keypoint_confidence,6,14,8,15,20,23,68.8127,99.4043,3.2143,319.514,17.7508,0.0331
src/supervision/validators/__init__.py,funcao,validate_key_point_confidence,0,0,0,0,0,0,0,0,0,0,0,0
src/supervision/validators/__init__.py,funcao,validate_keypoint_confidence,0,0,0,0,0,0,0,0,0,0,0,0
src/supervision/validators/__init__.py,funcao,_validate_tracker_id,5,9,5,9,14,14,40.139,53.303,2.5,133.2574,7.4032,0.0178
src/supervision/validators/__init__.py,funcao,validate_tracker_id,0,0,0,0,0,0,0,0,0,0,0,0
src/supervision/validators/__init__.py,funcao,_validate_data,4,10,7,14,14,21,41.2193,79.9545,2.8,223.8725,12.4374,0.0267
src/supervision/validators/__init__.py,funcao,validate_data,0,0,0,0,0,0,0,0,0,0,0,0
src/supervision/validators/__init__.py,funcao,_validate_xy,4,8,4,8,12,12,32.0,43.0196,2.0,86.0391,4.78,0.0143
src/supervision/validators/__init__.py,funcao,validate_xy,0,0,0,0,0,0,0,0,0,0,0,0
src/supervision/validators/__init__.py,funcao,_validate_visible,6,14,8,15,20,23,68.8127,99.4043,3.2143,319.514,17.7508,0.0331
src/supervision/validators/__init__.py,funcao,_validate_detections_fields,0,0,0,0,0,0,0,0,0,0,0,0
src/supervision/validators/__init__.py,funcao,validate_detections_fields,0,0,0,0,0,0,0,0,0,0,0,0
src/supervision/validators/__init__.py,funcao,_validate_keypoints_fields,2,5,3,6,7,9,13.6096,25.2662,1.2,30.3194,1.6844,0.0084
src/supervision/validators/__init__.py,funcao,validate_key_points_fields,0,0,0,0,0,0,0,0,0,0,0,0
src/supervision/validators/__init__.py,funcao,validate_keypoints_fields,0,0,0,0,0,0,0,0,0,0,0,0
src/supervision/validators/__init__.py,funcao,_validate_resolution,5,13,8,14,18,22,59.7154,91.7384,2.6923,246.9879,13.7215,0.0306
src/supervision/validators/__init__.py,funcao,validate_resolution,0,0,0,0,0,0,0,0,0,0,0,0
