arquivo,tipo,classe,nome,rank_cc,complexity,linha_ini,linha_fim
src/supervision/annotators/base.py,method,BaseAnnotator,annotate,A,1,9,12
src/supervision/annotators/core.py,function,,_normalize_color_input,A,1,58,58
src/supervision/annotators/core.py,function,,_normalize_color_input,A,1,62,64
src/supervision/annotators/core.py,method,_BaseLabelAnnotator,__init__,A,1,103,145
src/supervision/annotators/core.py,method,BoxAnnotator,__init__,A,1,195,211
src/supervision/annotators/core.py,method,OrientedBoxAnnotator,__init__,A,1,282,298
src/supervision/annotators/core.py,method,MaskAnnotator,__init__,A,1,432,448
src/supervision/annotators/core.py,method,PolygonAnnotator,__init__,A,1,520,536
src/supervision/annotators/core.py,method,ColorAnnotator,__init__,A,1,611,627
src/supervision/annotators/core.py,method,HaloAnnotator,__init__,A,1,707,727
src/supervision/annotators/core.py,method,EllipseAnnotator,__init__,A,1,805,827
src/supervision/annotators/core.py,method,BoxCornerAnnotator,__init__,A,1,904,923
src/supervision/annotators/core.py,method,CircleAnnotator,__init__,A,1,999,1016
src/supervision/annotators/core.py,method,DotAnnotator,__init__,A,1,1092,1119
src/supervision/annotators/core.py,method,LabelAnnotator,__init__,A,1,1202,1248
src/supervision/annotators/core.py,method,RichLabelAnnotator,__init__,A,1,1518,1565
src/supervision/annotators/core.py,method,IconAnnotator,__init__,A,1,1793,1809
src/supervision/annotators/core.py,method,TraceAnnotator,__init__,A,1,1985,2014
src/supervision/annotators/core.py,method,HeatMapAnnotator,__init__,A,1,2126,2152
src/supervision/annotators/core.py,method,TriangleAnnotator,__init__,A,1,2331,2361
src/supervision/annotators/core.py,method,PercentageBarAnnotator,validate_custom_values,A,1,2783,2787
src/supervision/annotators/core.py,method,CropAnnotator,__init__,A,1,2795,2820
src/supervision/annotators/core.py,method,BackgroundOverlayAnnotator,__init__,A,1,2960,2975
src/supervision/annotators/core.py,method,ComparisonAnnotator,__init__,A,1,3043,3078
src/supervision/annotators/utils.py,function,,validate_labels,A,1,231,232
src/supervision/annotators/utils.py,function,,snap_boxes,A,1,266,329
src/supervision/annotators/utils.py,function,,is_valid_hex,A,1,430,441
src/supervision/annotators/utils.py,function,,calculate_dynamic_kernel_size,A,1,444,464
src/supervision/annotators/utils.py,function,,calculate_dynamic_pixel_size,A,1,467,487
src/supervision/annotators/utils.py,method,ColorLookup,list,A,1,36,37
src/supervision/annotators/utils.py,method,Trace,__init__,A,1,333,345
src/supervision/annotators/utils.py,method,Trace,get,A,1,377,381
src/supervision/assets/list.py,method,Assets,__new__,A,1,11,16
src/supervision/classification/core.py,method,Classifications,__post_init__,A,1,37,44
src/supervision/classification/core.py,method,Classifications,__len__,A,1,46,50
src/supervision/classification/core.py,method,Classifications,from_ultralytics,A,1,93,118
src/supervision/dataset/core.py,function,,is_lazy,A,1,282,283
src/supervision/dataset/core.py,method,BaseDataset,__len__,A,1,43,44
src/supervision/dataset/core.py,method,BaseDataset,split,A,1,47,53
src/supervision/dataset/core.py,method,DetectionDataset,__getitem__,A,1,113,122
src/supervision/dataset/core.py,method,DetectionDataset,from_pascal_voc,A,1,388,438
src/supervision/dataset/core.py,method,DetectionDataset,from_yolo,A,1,442,501
src/supervision/dataset/core.py,method,DetectionDataset,from_coco,A,1,578,624
src/supervision/dataset/core.py,method,ClassificationDataset,__getitem__,A,1,778,787
src/supervision/dataset/utils.py,function,,mask_to_rle,A,1,30,34
src/supervision/dataset/utils.py,function,,rle_to_mask,A,1,38,43
src/supervision/dataset/formats/coco.py,function,,_with_seg_mask,A,1,503,504
src/supervision/dataset/formats/pascal_voc.py,function,,_with_poly_mask,A,1,335,336
src/supervision/dataset/formats/yolo.py,function,,_parse_box,A,1,28,37
src/supervision/dataset/formats/yolo.py,function,,_box_to_polygon,A,1,41,43
src/supervision/dataset/formats/yolo.py,function,,_parse_polygon,A,1,47,48
src/supervision/dataset/formats/yolo.py,function,,_image_name_to_annotation_name,A,1,133,135
src/supervision/dataset/formats/yolo.py,function,,save_data_yaml,A,1,474,477
src/supervision/detection/compact_mask.py,function,,_rle_area,A,1,27,46
src/supervision/detection/compact_mask.py,method,CompactMask,__init__,A,1,459,469
src/supervision/detection/compact_mask.py,method,CompactMask,crop,A,1,587,614
src/supervision/detection/compact_mask.py,method,CompactMask,__len__,A,1,620,638
src/supervision/detection/compact_mask.py,method,CompactMask,shape,A,1,646,665
src/supervision/detection/compact_mask.py,method,CompactMask,offsets,A,1,668,687
src/supervision/detection/compact_mask.py,method,CompactMask,dtype,A,1,723,741
src/supervision/detection/core.py,function,,_merge_obb_corners,A,1,2635,2675
src/supervision/detection/core.py,function,,merge_inner_detections_objects_without_iou,A,1,2888,2899
src/supervision/detection/core.py,function,,validate_fields_both_defined_or_none,A,1,2931,2934
src/supervision/detection/core.py,method,Detections,__post_init__,A,1,164,171
src/supervision/detection/core.py,method,Detections,__len__,A,1,174,178
src/supervision/detection/core.py,method,Detections,from_yolov5,A,1,222,250
src/supervision/detection/core.py,method,Detections,from_tensorflow,A,1,373,414
src/supervision/detection/core.py,method,Detections,empty,A,1,2065,2083
src/supervision/detection/core.py,method,Detections,is_empty,A,1,2086,2108
src/supervision/detection/core.py,method,Detections,box_area,A,1,2415,2424
src/supervision/detection/core.py,method,Detections,box_aspect_ratio,A,1,2427,2461
src/supervision/detection/line_zone.py,method,LineZone,in_count,A,1,130,131
src/supervision/detection/line_zone.py,method,LineZone,out_count,A,1,134,135
src/supervision/detection/line_zone.py,method,LineZone,in_count_per_class,A,1,138,139
src/supervision/detection/line_zone.py,method,LineZone,out_count_per_class,A,1,142,143
src/supervision/detection/vlm.py,function,,validate_vlm_parameters,A,1,211,212
src/supervision/detection/vlm.py,function,,from_qwen_3_vl,A,1,397,420
src/supervision/detection/tools/csv_sink.py,method,WriterProtocol,writerow,A,1,28,28
src/supervision/detection/tools/csv_sink.py,method,CSVSink,__init__,A,1,75,86
src/supervision/detection/tools/csv_sink.py,method,CSVSink,__enter__,A,1,88,90
src/supervision/detection/tools/csv_sink.py,method,CSVSink,__exit__,A,1,92,98
src/supervision/detection/tools/inference_slicer.py,method,InferenceSlicer,_generate_offset,A,1,389,450
src/supervision/detection/tools/json_sink.py,method,JSONSink,__init__,A,1,51,60
src/supervision/detection/tools/json_sink.py,method,JSONSink,__enter__,A,1,62,64
src/supervision/detection/tools/json_sink.py,method,JSONSink,__exit__,A,1,66,72
src/supervision/detection/tools/json_sink.py,method,JSONSink,append,A,1,200,215
src/supervision/detection/tools/polygon_zone.py,method,PolygonZoneAnnotator,__init__,A,1,131,153
src/supervision/detection/tools/smoother.py,method,DetectionsSmoother,__init__,A,1,90,97
src/supervision/detection/tools/transformers.py,function,,process_transformers_detection_result,A,1,14,39
src/supervision/detection/tools/transformers.py,function,,png_string_to_segmentation_array,A,1,207,221
src/supervision/detection/utils/boxes.py,function,,clip_boxes,A,1,10,49
src/supervision/detection/utils/boxes.py,function,,denormalize_boxes,A,1,105,161
src/supervision/detection/utils/boxes.py,function,,move_boxes,A,1,164,192
src/supervision/detection/utils/boxes.py,function,,move_oriented_boxes,A,1,195,241
src/supervision/detection/utils/boxes.py,function,,scale_boxes,A,1,312,344
src/supervision/detection/utils/converters.py,function,,xyxy_to_polygons,A,1,12,28
src/supervision/detection/utils/converters.py,function,,polygon_to_mask,A,1,31,49
src/supervision/detection/utils/converters.py,function,,xywh_to_xyxy,A,1,52,82
src/supervision/detection/utils/converters.py,function,,xyxy_to_xywh,A,1,85,116
src/supervision/detection/utils/converters.py,function,,xcycwh_to_xyxy,A,1,119,152
src/supervision/detection/utils/converters.py,function,,is_compressed_rle,A,1,471,494
src/supervision/detection/utils/converters.py,function,,polygon_to_xyxy,A,1,724,738
src/supervision/detection/utils/internal.py,function,,cross_product,A,1,396,416
src/supervision/detection/utils/iou_and_nms.py,function,,group_within,A,1,1445,1450
src/supervision/detection/utils/iou_and_nms.py,function,,_polygon_areas,A,1,363,375
src/supervision/detection/utils/iou_and_nms.py,function,,_aabb_envelopes,A,1,378,390
src/supervision/detection/utils/iou_and_nms.py,function,,_overlapping_envelope_pairs,A,1,394,423
src/supervision/detection/utils/iou_and_nms.py,function,,_group_overlapping_boxes,A,1,1169,1202
src/supervision/detection/utils/iou_and_nms.py,function,,iou_against_candidate,A,1,1192,1198
src/supervision/detection/utils/iou_and_nms.py,function,,box_non_max_merge,A,1,1206,1235
src/supervision/detection/utils/iou_and_nms.py,function,,group_within,A,1,1230,1232
src/supervision/detection/utils/iou_and_nms.py,function,,_group_overlapping_oriented_boxes,A,1,1333,1354
src/supervision/detection/utils/iou_and_nms.py,function,,iou_against_candidate,A,1,1344,1350
src/supervision/detection/utils/iou_and_nms.py,method,OverlapFilter,list,A,1,35,36
src/supervision/detection/utils/iou_and_nms.py,method,OverlapMetric,list,A,1,71,72
src/supervision/detection/utils/masks.py,function,,sum_over_mask,A,1,137,140
src/supervision/detection/utils/masks.py,function,,resize_masks,A,1,263,288
src/supervision/draw/color.py,method,Color,as_rgb,A,1,287,302
src/supervision/draw/color.py,method,Color,as_bgr,A,1,304,319
src/supervision/draw/color.py,method,Color,as_rgba,A,1,321,336
src/supervision/draw/color.py,method,Color,as_bgra,A,1,338,353
src/supervision/draw/color.py,method,Color,WHITE,A,1,356,357
src/supervision/draw/color.py,method,Color,BLACK,A,1,360,361
src/supervision/draw/color.py,method,Color,GREY,A,1,364,365
src/supervision/draw/color.py,method,Color,RED,A,1,368,369
src/supervision/draw/color.py,method,Color,GREEN,A,1,372,373
src/supervision/draw/color.py,method,Color,BLUE,A,1,376,377
src/supervision/draw/color.py,method,Color,YELLOW,A,1,380,381
src/supervision/draw/color.py,method,Color,ROBOFLOW,A,1,384,385
src/supervision/draw/color.py,method,Color,__hash__,A,1,387,388
src/supervision/draw/color.py,method,ColorPalette,DEFAULT,A,1,410,428
src/supervision/draw/color.py,method,ColorPalette,ROBOFLOW,A,1,431,449
src/supervision/draw/color.py,method,ColorPalette,LEGACY,A,1,452,453
src/supervision/draw/color.py,method,ColorPalette,__len__,A,1,537,544
src/supervision/draw/utils.py,function,,draw_line,A,1,14,41
src/supervision/draw/utils.py,function,,draw_rectangle,A,1,44,69
src/supervision/draw/utils.py,function,,draw_polygon,A,1,166,186
src/supervision/draw/utils.py,function,,calculate_optimal_text_scale,A,1,371,393
src/supervision/geometry/core.py,method,Position,list,A,1,25,26
src/supervision/geometry/core.py,method,Point,as_xy_int_tuple,A,1,53,60
src/supervision/geometry/core.py,method,Point,as_xy_float_tuple,A,1,62,69
src/supervision/geometry/core.py,method,Vector,magnitude,A,1,99,108
src/supervision/geometry/core.py,method,Vector,center,A,1,111,120
src/supervision/geometry/core.py,method,Vector,cross_product,A,1,123,142
src/supervision/geometry/core.py,method,Rect,from_xyxy,A,1,176,178
src/supervision/geometry/core.py,method,Rect,top_left,A,1,181,182
src/supervision/geometry/core.py,method,Rect,bottom_right,A,1,185,186
src/supervision/geometry/core.py,method,Rect,pad,A,1,188,193
src/supervision/geometry/core.py,method,Rect,as_xyxy_int_tuple,A,1,196,201
src/supervision/key_points/annotators.py,method,BaseKeyPointAnnotator,annotate,A,1,26,27
src/supervision/key_points/annotators.py,method,VertexAnnotator,__init__,A,1,37,48
src/supervision/key_points/annotators.py,method,EdgeAnnotator,__init__,A,1,117,138
src/supervision/key_points/annotators.py,method,VertexEllipseAreaAnnotator,__init__,A,1,383,403
src/supervision/key_points/annotators.py,method,VertexEllipseOutlineAnnotator,__init__,A,1,482,501
src/supervision/key_points/annotators.py,method,VertexEllipseHaloAnnotator,__init__,A,1,583,603
src/supervision/key_points/annotators.py,method,VertexLabelAnnotator,__init__,A,1,709,738
src/supervision/key_points/annotators.py,method,VertexLabelAnnotator,get_text_bounding_box,A,1,908,926
src/supervision/key_points/core.py,method,KeyPoints,__post_init__,A,1,298,305
src/supervision/key_points/core.py,method,KeyPoints,confidence,A,1,309,315
src/supervision/key_points/core.py,method,KeyPoints,confidence,A,1,318,323
src/supervision/key_points/core.py,method,KeyPoints,__len__,A,1,325,343
src/supervision/key_points/core.py,method,KeyPoints,empty,A,1,1098,1114
src/supervision/key_points/core.py,method,KeyPoints,is_empty,A,1,1116,1134
src/supervision/metrics/core.py,method,Metric,update,A,1,14,19
src/supervision/metrics/core.py,method,Metric,reset,A,1,22,26
src/supervision/metrics/core.py,method,Metric,compute,A,1,29,33
src/supervision/metrics/detection.py,function,,validate_input_tensors,A,1,192,196
src/supervision/metrics/f1_score.py,method,F1Score,__init__,A,1,66,83
src/supervision/metrics/f1_score.py,method,F1Score,reset,A,1,85,90
src/supervision/metrics/f1_score.py,method,F1Score,compute,A,1,123,150
src/supervision/metrics/f1_score.py,method,F1ScoreResult,f1_50,A,1,546,547
src/supervision/metrics/f1_score.py,method,F1ScoreResult,f1_75,A,1,550,551
src/supervision/metrics/mean_average_precision.py,function,,compute_average_precision,A,1,1010,1032
src/supervision/metrics/mean_average_precision.py,function,,mean_with_mask,A,1,1017,1028
src/supervision/metrics/mean_average_precision.py,function,,_summarize_predictions,A,1,1145,1187
src/supervision/metrics/mean_average_precision.py,method,MeanAveragePrecisionResult,map50,A,1,69,71
src/supervision/metrics/mean_average_precision.py,method,MeanAveragePrecisionResult,map75,A,1,74,76
src/supervision/metrics/mean_average_precision.py,method,EvaluationDataset,empty,A,1,281,282
src/supervision/metrics/mean_average_precision.py,method,COCOEvaluatorParameters,__init__,A,1,551,580
src/supervision/metrics/mean_average_precision.py,method,MeanAveragePrecision,__init__,A,1,1264,1286
src/supervision/metrics/mean_average_precision.py,method,MeanAveragePrecision,reset,A,1,1288,1293
src/supervision/metrics/mean_average_recall.py,method,MeanAverageRecallResult,mAR_at_1,A,1,64,65
src/supervision/metrics/mean_average_recall.py,method,MeanAverageRecallResult,mAR_at_10,A,1,68,69
src/supervision/metrics/mean_average_recall.py,method,MeanAverageRecallResult,mAR_at_100,A,1,72,73
src/supervision/metrics/mean_average_recall.py,method,MeanAverageRecall,__init__,A,1,297,312
src/supervision/metrics/mean_average_recall.py,method,MeanAverageRecall,reset,A,1,314,319
src/supervision/metrics/mean_average_recall.py,method,MeanAverageRecall,compute,A,1,352,379
src/supervision/metrics/precision.py,method,Precision,__init__,A,1,69,86
src/supervision/metrics/precision.py,method,Precision,reset,A,1,88,93
src/supervision/metrics/precision.py,method,Precision,compute,A,1,126,153
src/supervision/metrics/precision.py,method,PrecisionResult,precision_at_50,A,1,555,556
src/supervision/metrics/precision.py,method,PrecisionResult,precision_at_75,A,1,559,560
src/supervision/metrics/recall.py,method,Recall,__init__,A,1,69,86
src/supervision/metrics/recall.py,method,Recall,reset,A,1,88,93
src/supervision/metrics/recall.py,method,Recall,compute,A,1,126,153
src/supervision/metrics/recall.py,method,RecallResult,recall_at_50,A,1,511,512
src/supervision/metrics/recall.py,method,RecallResult,recall_at_75,A,1,515,516
src/supervision/tracker/byte_tracker/core.py,method,ByteTrack,__init__,A,1,56,81
src/supervision/tracker/byte_tracker/core.py,method,ByteTrack,reset,A,1,157,171
src/supervision/tracker/byte_tracker/kalman_filter.py,method,KalmanFilter,initiate,A,1,32,59
src/supervision/tracker/byte_tracker/kalman_filter.py,method,KalmanFilter,predict,A,1,61,94
src/supervision/tracker/byte_tracker/kalman_filter.py,method,KalmanFilter,project,A,1,96,121
src/supervision/tracker/byte_tracker/kalman_filter.py,method,KalmanFilter,update,A,1,160,193
src/supervision/tracker/byte_tracker/matching.py,function,,indices_to_matches,A,1,15,24
src/supervision/tracker/byte_tracker/single_object_track.py,method,STrack,__init__,A,1,20,49
src/supervision/tracker/byte_tracker/single_object_track.py,method,STrack,tlbr,A,1,152,158
src/supervision/tracker/byte_tracker/single_object_track.py,method,STrack,tlwh_to_xyah,A,1,161,168
src/supervision/tracker/byte_tracker/single_object_track.py,method,STrack,to_xyah,A,1,170,171
src/supervision/tracker/byte_tracker/single_object_track.py,method,STrack,tlbr_to_tlwh,A,1,174,177
src/supervision/tracker/byte_tracker/single_object_track.py,method,STrack,tlwh_to_tlbr,A,1,180,183
src/supervision/tracker/byte_tracker/single_object_track.py,method,STrack,__repr__,A,1,185,186
src/supervision/tracker/byte_tracker/utils.py,method,IdCounter,reset,A,1,20,22
src/supervision/tracker/byte_tracker/utils.py,method,IdCounter,new_id,A,1,24,33
src/supervision/tracker/byte_tracker/utils.py,method,IdCounter,NO_ID,A,1,36,37
src/supervision/utils/conversion.py,function,,ensure_cv2_image_for_class_method,A,1,16,40
src/supervision/utils/conversion.py,function,,ensure_cv2_image_for_annotation,A,1,48,51
src/supervision/utils/conversion.py,function,,ensure_cv2_image_for_standalone_function,A,1,54,76
src/supervision/utils/conversion.py,function,,ensure_pil_image_for_class_method,A,1,79,102
src/supervision/utils/conversion.py,function,,ensure_pil_image_for_annotation,A,1,110,113
src/supervision/utils/conversion.py,function,,ensure_cv2_image_for_processing,A,1,121,124
src/supervision/utils/conversion.py,function,,pillow_to_cv2,A,1,148,163
src/supervision/utils/conversion.py,function,,cv2_to_pillow,A,1,166,178
src/supervision/utils/file.py,function,,read_json_file,A,1,142,168
src/supervision/utils/file.py,function,,save_json_file,A,1,171,183
src/supervision/utils/file.py,function,,read_yaml_file,A,1,186,198
src/supervision/utils/file.py,function,,save_yaml_file,A,1,201,211
src/supervision/utils/image.py,function,,grayscale_image,A,1,404,431
src/supervision/utils/image.py,function,,_generate_color_image,A,1,918,923
src/supervision/utils/image.py,method,ImageSink,__init__,A,1,482,519
src/supervision/utils/image.py,method,ImageSink,__exit__,A,1,551,557
src/supervision/utils/internal.py,function,,format_warning,A,1,21,32
src/supervision/utils/internal.py,function,,warn_deprecated,A,1,43,50
src/supervision/utils/internal.py,function,,deprecated_parameter,A,1,53,127
src/supervision/utils/internal.py,function,,decorator,A,1,102,125
src/supervision/utils/internal.py,method,classproperty,__init__,A,1,145,150
src/supervision/utils/iterables.py,function,,fill,A,1,45,73
src/supervision/utils/video.py,method,VideoInfo,resolution_wh,A,1,72,73
src/supervision/utils/video.py,method,VideoSink,__init__,A,1,99,103
src/supervision/utils/video.py,method,FPSMonitor,__init__,A,1,464,484
src/supervision/utils/video.py,method,FPSMonitor,tick,A,1,499,503
src/supervision/utils/video.py,method,FPSMonitor,reset,A,1,505,509
src/supervision/validators/__init__.py,function,,validate_xyxy,A,1,33,34
src/supervision/validators/__init__.py,function,,validate_mask,A,1,80,81
src/supervision/validators/__init__.py,function,,validate_class_id,A,1,102,103
src/supervision/validators/__init__.py,function,,validate_confidence,A,1,125,126
src/supervision/validators/__init__.py,function,,validate_key_point_confidence,A,1,156,157
src/supervision/validators/__init__.py,function,,validate_keypoint_confidence,A,1,165,166
src/supervision/validators/__init__.py,function,,validate_tracker_id,A,1,187,188
src/supervision/validators/__init__.py,function,,validate_data,A,1,212,213
src/supervision/validators/__init__.py,function,,validate_xy,A,1,232,233
src/supervision/validators/__init__.py,function,,_validate_detections_fields,A,1,259,273
src/supervision/validators/__init__.py,function,,validate_detections_fields,A,1,281,289
src/supervision/validators/__init__.py,function,,validate_key_points_fields,A,1,317,320
src/supervision/validators/__init__.py,function,,validate_keypoints_fields,A,1,328,331
src/supervision/validators/__init__.py,function,,validate_resolution,A,1,362,363
src/supervision/annotators/core.py,function,,load_default_font,A,2,1768,1774
src/supervision/annotators/core.py,function,,_normalize_color_input,A,2,67,77
src/supervision/annotators/core.py,method,_BaseLabelAnnotator,_adjust_labels_in_frame,A,2,147,187
src/supervision/annotators/core.py,method,IconAnnotator,_load_icon,A,2,1884,1894
src/supervision/annotators/core.py,method,RoundBoxAnnotator,__init__,A,2,2453,2477
src/supervision/annotators/core.py,method,PercentageBarAnnotator,__init__,A,2,2588,2620
src/supervision/annotators/utils.py,function,,get_color_by_index,A,2,133,136
src/supervision/assets/downloader.py,function,,is_md5_hash_matching,A,2,17,38
src/supervision/assets/list.py,method,Assets,list,A,2,19,20
src/supervision/classification/core.py,method,Classifications,from_clip,A,2,53,90
src/supervision/classification/core.py,method,Classifications,from_timm,A,2,121,164
src/supervision/classification/core.py,method,Classifications,get_top_k,A,2,166,200
src/supervision/dataset/core.py,function,,is_in_memory,A,2,279,280
src/supervision/dataset/core.py,method,DetectionDataset,__len__,A,2,110,111
src/supervision/dataset/core.py,method,DetectionDataset,__iter__,A,2,124,133
src/supervision/dataset/core.py,method,ClassificationDataset,__len__,A,2,775,776
src/supervision/dataset/core.py,method,ClassificationDataset,__iter__,A,2,789,800
src/supervision/dataset/formats/coco.py,function,,coco_categories_to_classes,A,2,29,32
src/supervision/dataset/formats/coco.py,function,,classes_to_coco_categories,A,2,48,80
src/supervision/dataset/formats/coco.py,function,,get_coco_class_index_mapping,A,2,357,393
src/supervision/dataset/formats/yolo.py,function,,_polygons_to_masks,A,2,51,62
src/supervision/dataset/formats/yolo.py,function,,_with_seg_mask,A,2,66,67
src/supervision/dataset/formats/yolo.py,function,,save_yolo_annotations,A,2,422,471
src/supervision/detection/compact_mask.py,method,CompactMask,to_dense,A,2,555,585
src/supervision/detection/compact_mask.py,method,CompactMask,__iter__,A,2,640,643
src/supervision/detection/compact_mask.py,method,CompactMask,bbox_xyxy,A,2,690,720
src/supervision/detection/compact_mask.py,method,CompactMask,area,A,2,744,764
src/supervision/detection/compact_mask.py,method,CompactMask,sum,A,2,766,793
src/supervision/detection/compact_mask.py,method,CompactMask,__array__,A,2,863,889
src/supervision/detection/core.py,method,Detections,__eq__,A,2,206,217
src/supervision/detection/core.py,method,Detections,from_yolo_nas,A,2,336,369
src/supervision/detection/core.py,method,Detections,from_deepsparse,A,2,418,450
src/supervision/detection/core.py,method,Detections,from_mmdetection,A,2,454,487
src/supervision/detection/core.py,method,Detections,from_detectron2,A,2,573,616
src/supervision/detection/core.py,method,Detections,from_paddledet,A,2,930,968
src/supervision/detection/line_zone.py,method,LineZone,__init__,A,2,91,127
src/supervision/detection/line_zone.py,method,LineZone,_calculate_region_of_interest_limits,A,2,217,246
src/supervision/detection/line_zone.py,method,LineZoneAnnotator,_draw_oriented_label,A,2,588,637
src/supervision/detection/line_zone.py,method,LineZoneAnnotatorMulticlass,__init__,A,2,714,767
src/supervision/detection/vlm.py,method,LMM,list,A,2,50,51
src/supervision/detection/vlm.py,method,VLM,list,A,2,97,98
src/supervision/detection/tools/csv_sink.py,method,CSVSink,close,A,2,111,116
src/supervision/detection/tools/csv_sink.py,method,CSVSink,parse_field_names,A,2,234,241
src/supervision/detection/tools/inference_slicer.py,method,InferenceSlicer,__init__,A,2,143,176
src/supervision/detection/tools/json_sink.py,method,JSONSink,write_and_close,A,2,109,119
src/supervision/detection/tools/polygon_zone.py,method,PolygonZone,__init__,A,2,56,70
src/supervision/detection/tools/transformers.py,function,,process_transformers_v5_segmentation_result,A,2,82,108
src/supervision/detection/tools/transformers.py,function,,process_transformers_v5_panoptic_segmentation_result,A,2,182,204
src/supervision/detection/utils/boxes.py,function,,pad_boxes,A,2,52,96
src/supervision/detection/utils/converters.py,function,,xyxy_to_xcycarh,A,2,155,199
src/supervision/detection/utils/converters.py,function,,mask_to_xyxy,A,2,202,245
src/supervision/detection/utils/converters.py,function,,_delta_decode,A,2,418,442
src/supervision/detection/utils/converters.py,function,,_delta_encode,A,2,445,468
src/supervision/detection/utils/converters.py,function,,_rle_counts_to_mask,A,2,538,571
src/supervision/detection/utils/iou_and_nms.py,function,,_jaccard,A,2,264,301
src/supervision/detection/utils/iou_and_nms.py,function,,_prepare_predictions_for_nms,A,2,899,913
src/supervision/detection/utils/iou_and_nms.py,function,,box_non_max_suppression,A,2,938,970
src/supervision/draw/color.py,function,,unify_to_bgr,A,2,547,572
src/supervision/draw/color.py,method,Color,as_hex,A,2,264,285
src/supervision/draw/color.py,method,Color,__repr__,A,2,390,393
src/supervision/draw/color.py,method,ColorPalette,from_hex,A,2,456,476
src/supervision/draw/color.py,method,ColorPalette,by_idx,A,2,512,535
src/supervision/draw/utils.py,function,,draw_filled_rectangle,A,2,72,111
src/supervision/draw/utils.py,function,,draw_filled_polygon,A,2,189,215
src/supervision/draw/utils.py,function,,draw_text,A,2,218,298
src/supervision/draw/utils.py,function,,calculate_optimal_line_thickness,A,2,396,420
src/supervision/key_points/core.py,method,KeyPoints,__eq__,A,2,369,383
src/supervision/metrics/detection.py,function,,_assert_supported_target,A,2,22,25
src/supervision/metrics/detection.py,method,ConfusionMatrix,from_detections,A,2,238,318
src/supervision/metrics/detection.py,method,ConfusionMatrix,from_tensors,A,2,322,410
src/supervision/metrics/detection.py,method,ConfusionMatrix,_drop_extra_matches,A,2,577,590
src/supervision/metrics/detection.py,method,ConfusionMatrix,benchmark,A,2,593,657
src/supervision/metrics/detection.py,method,MeanAveragePrecision,from_detections,A,2,787,836
src/supervision/metrics/detection.py,method,MeanAveragePrecision,benchmark,A,2,840,883
src/supervision/metrics/detection.py,method,MeanAveragePrecision,compute_average_precision,A,2,984,1019
src/supervision/metrics/f1_score.py,method,F1Score,_compute_f1,A,2,405,432
src/supervision/metrics/f1_score.py,method,F1Score,_filter_predictions_and_targets_by_size,A,2,490,508
src/supervision/metrics/mean_average_precision.py,method,MeanAveragePrecisionResult,map50_95,A,2,60,66
src/supervision/metrics/mean_average_precision.py,method,EvaluationDataset,__init__,A,2,255,278
src/supervision/metrics/mean_average_precision.py,method,COCOEvaluator,_pycocotools_summarize,A,2,1097,1190
src/supervision/metrics/mean_average_precision.py,method,MeanAveragePrecision,compute,A,2,1450,1520
src/supervision/metrics/mean_average_recall.py,method,MeanAverageRecall,_compute_average_recall_for_classes,A,2,471,505
src/supervision/metrics/mean_average_recall.py,method,MeanAverageRecall,_compute_recall,A,2,602,627
src/supervision/metrics/mean_average_recall.py,method,MeanAverageRecall,_filter_predictions_and_targets_by_size,A,2,688,706
src/supervision/metrics/precision.py,method,Precision,_compute_precision,A,2,408,438
src/supervision/metrics/precision.py,method,Precision,_filter_predictions_and_targets_by_size,A,2,499,517
src/supervision/metrics/recall.py,method,Recall,_compute_recall,A,2,364,394
src/supervision/metrics/recall.py,method,Recall,_filter_predictions_and_targets_by_size,A,2,457,475
src/supervision/metrics/utils/utils.py,function,,ensure_pandas_installed,A,2,1,6
src/supervision/tracker/byte_tracker/kalman_filter.py,method,KalmanFilter,__init__,A,2,21,30
src/supervision/tracker/byte_tracker/kalman_filter.py,method,KalmanFilter,multi_predict,A,2,123,158
src/supervision/tracker/byte_tracker/matching.py,function,,linear_assignment,A,2,27,41
src/supervision/tracker/byte_tracker/single_object_track.py,method,STrack,tlwh,A,2,140,149
src/supervision/tracker/byte_tracker/utils.py,method,IdCounter,__init__,A,2,5,18
src/supervision/utils/file.py,function,,save_text_file,A,2,129,139
src/supervision/utils/image.py,function,,letterbox_image,A,2,210,275
src/supervision/utils/image.py,function,,_aggregate_images_shape,A,2,728,736
src/supervision/utils/image.py,method,ImageSink,save_image,A,2,531,549
src/supervision/utils/internal.py,method,classproperty,__get__,A,2,152,166
src/supervision/utils/video.py,function,,reader_thread,A,2,369,376
src/supervision/utils/video.py,method,VideoInfo,from_video_path,A,2,59,69
src/supervision/utils/video.py,method,VideoSink,__enter__,A,2,105,117
src/supervision/utils/video.py,method,VideoSink,write_frame,A,2,119,128
src/supervision/utils/video.py,method,VideoSink,__exit__,A,2,130,137
src/supervision/annotators/core.py,method,LabelAnnotator,annotate,A,3,1252,1331
src/supervision/annotators/core.py,method,LabelAnnotator,draw_rounded_rectangle,A,3,1470,1509
src/supervision/annotators/core.py,method,RichLabelAnnotator,annotate,A,3,1569,1647
src/supervision/annotators/core.py,method,RichLabelAnnotator,_load_font,A,3,1765,1785
src/supervision/annotators/core.py,method,BlurAnnotator,__init__,A,3,1902,1911
src/supervision/annotators/core.py,method,PixelateAnnotator,__init__,A,3,2236,2247
src/supervision/annotators/core.py,method,ComparisonAnnotator,_mask_from_xyxy,A,3,3183,3196
src/supervision/annotators/core.py,method,ComparisonAnnotator,_mask_from_obb,A,3,3199,3211
src/supervision/annotators/core.py,method,ComparisonAnnotator,_draw_labels,A,3,3226,3294
src/supervision/annotators/utils.py,function,,_validate_labels,A,3,205,221
src/supervision/classification/core.py,function,,_validate_class_ids,A,3,13,19
src/supervision/dataset/core.py,method,DetectionDataset,_get_image,A,3,101,108
src/supervision/dataset/core.py,method,DetectionDataset,as_coco,A,3,626,723
src/supervision/dataset/core.py,method,ClassificationDataset,__init__,A,3,740,761
src/supervision/dataset/core.py,method,ClassificationDataset,_get_image,A,3,766,773
src/supervision/dataset/core.py,method,ClassificationDataset,from_folder_structure,A,3,922,968
src/supervision/dataset/utils.py,function,,approximate_mask_with_polygons,A,3,52,76
src/supervision/dataset/utils.py,function,,merge_class_lists,A,3,80,87
src/supervision/dataset/utils.py,function,,build_class_index_mapping,A,3,90,105
src/supervision/dataset/utils.py,function,,save_dataset_images,A,3,128,136
src/supervision/dataset/utils.py,function,,train_test_split,A,3,139,164
src/supervision/dataset/formats/coco.py,function,,build_coco_class_index_mapping,A,3,36,44
src/supervision/dataset/formats/coco.py,function,,group_coco_annotations_by_image_id,A,3,84,93
src/supervision/dataset/formats/pascal_voc.py,function,,object_to_pascal_voc,A,3,19,81
src/supervision/dataset/formats/pascal_voc.py,function,,_get_required_text,A,3,351,355
src/supervision/dataset/formats/yolo.py,function,,object_to_yolo,A,3,274,293
src/supervision/detection/compact_mask.py,function,,_resize_crop,A,3,341,386
src/supervision/detection/compact_mask.py,method,CompactMask,__eq__,A,3,891,917
src/supervision/detection/core.py,function,,_validate_fields_both_defined_or_none,A,3,2902,2921
src/supervision/detection/core.py,method,Detections,from_ncnn,A,3,2007,2061
src/supervision/detection/core.py,method,Detections,__setitem__,A,3,2331,2364
src/supervision/detection/line_zone.py,method,LineZoneAnnotator,__init__,A,3,331,384
src/supervision/detection/line_zone.py,method,LineZoneAnnotator,_calculate_anchor_in_frame,A,3,481,543
src/supervision/detection/line_zone.py,method,LineZoneAnnotator,_draw_basic_label,A,3,545,586
src/supervision/detection/tools/csv_sink.py,method,CSVSink,open,A,3,100,109
src/supervision/detection/tools/json_sink.py,method,JSONSink,open,A,3,74,82
src/supervision/detection/tools/json_sink.py,method,JSONSink,_json_default,A,3,85,106
src/supervision/detection/tools/polygon_zone.py,method,PolygonZone,trigger,A,3,73,108
src/supervision/detection/tools/transformers.py,function,,process_transformers_v4_panoptic_segmentation_result,A,3,148,178
src/supervision/detection/utils/boxes.py,function,,obb_polygon_area,A,3,244,269
src/supervision/detection/utils/boxes.py,function,,xyxyxyxy_to_xyxy,A,3,272,309
src/supervision/detection/utils/converters.py,function,,mask_to_polygons,A,3,307,328
src/supervision/detection/utils/converters.py,function,,_mask_to_rle_counts,A,3,497,535
src/supervision/detection/utils/internal.py,function,,is_data_equal,A,3,202,216
src/supervision/detection/utils/iou_and_nms.py,function,,_nms_loop_from_iou_matrix,A,3,916,935
src/supervision/detection/utils/iou_and_nms.py,function,,_greedy_nmm_via_iou_callback,A,3,1105,1133
src/supervision/detection/utils/masks.py,function,,contains_multiple_segments,A,3,201,260
src/supervision/detection/utils/vlms.py,function,,fuzzy_match_index,A,3,65,100
src/supervision/draw/utils.py,function,,draw_rounded_rectangle,A,3,114,163
src/supervision/geometry/utils.py,function,,get_polygon_center,A,3,7,51
src/supervision/key_points/annotators.py,method,_BaseVertexEllipseAnnotator,_get_covariances,A,3,298,313
src/supervision/key_points/annotators.py,method,VertexLabelAnnotator,_resolve_color_list,A,3,960,972
src/supervision/key_points/core.py,method,KeyPoints,from_ultralytics,A,3,598,634
src/supervision/key_points/core.py,method,KeyPoints,from_detectron2,A,3,695,743
src/supervision/key_points/core.py,method,KeyPoints,__setitem__,A,3,1062,1095
src/supervision/metrics/mean_average_precision.py,method,EvaluationDataset,get_annotations,A,3,445,457
src/supervision/metrics/mean_average_precision.py,method,COCOEvaluator,__init__,A,3,589,623
src/supervision/metrics/utils/object_size.py,function,,get_bbox_size_category,A,3,85,123
src/supervision/metrics/utils/object_size.py,function,,get_mask_size_category,A,3,126,165
src/supervision/tracker/byte_tracker/core.py,function,,joint_tracks,A,3,337,360
src/supervision/tracker/byte_tracker/matching.py,function,,fuse_score,A,3,65,75
src/supervision/tracker/byte_tracker/single_object_track.py,method,STrack,activate,A,3,82,98
src/supervision/utils/conversion.py,function,,images_to_cv2,A,3,127,145
src/supervision/utils/conversion.py,function,,wrapper,A,3,28,38
src/supervision/utils/conversion.py,function,,wrapper,A,3,65,74
src/supervision/utils/conversion.py,function,,wrapper,A,3,90,100
src/supervision/utils/image.py,function,,scale_image,A,3,95,142
src/supervision/utils/image.py,function,,tint_image,A,3,356,400
src/supervision/utils/image.py,function,,_negotiate_tiles_format,A,3,706,710
src/supervision/utils/image.py,function,,_calculate_aggregated_images_shape,A,3,713,718
src/supervision/utils/image.py,function,,_negotiate_grid_size,A,3,756,764
src/supervision/utils/image.py,function,,_generate_tiles,A,3,767,812
src/supervision/utils/image.py,function,,_merge_tiles_elements,A,3,879,914
src/supervision/utils/image.py,method,ImageSink,__enter__,A,3,521,529
src/supervision/utils/iterables.py,function,,find_duplicates,A,3,76,103
src/supervision/utils/logger.py,function,,_get_logger,A,3,8,63
src/supervision/utils/notebook.py,function,,plot_image,A,3,11,47
src/supervision/utils/video.py,function,,writer_thread,A,3,378,383
src/supervision/utils/video.py,method,FPSMonitor,fps,A,3,487,497
src/supervision/annotators/core.py,method,BoxAnnotator,annotate,A,4,214,274
src/supervision/annotators/core.py,method,MaskAnnotator,annotate,A,4,451,508
src/supervision/annotators/core.py,method,ColorAnnotator,annotate,A,4,630,695
src/supervision/annotators/core.py,method,EllipseAnnotator,annotate,A,4,830,896
src/supervision/annotators/core.py,method,CircleAnnotator,annotate,A,4,1019,1083
src/supervision/annotators/core.py,method,LabelAnnotator,_get_label_properties,A,4,1333,1385
src/supervision/annotators/core.py,method,RichLabelAnnotator,_get_label_properties,A,4,1649,1699
src/supervision/annotators/core.py,method,ComparisonAnnotator,_mask_from_mask,A,4,3214,3224
src/supervision/annotators/utils.py,function,,resolve_color,A,4,139,156
src/supervision/annotators/utils.py,function,,hex_to_rgba,A,4,384,409
src/supervision/annotators/utils.py,function,,rgba_to_hex,A,4,412,427
src/supervision/annotators/utils.py,method,Trace,put,A,4,347,375
src/supervision/classification/core.py,function,,_validate_confidence,A,4,22,29
src/supervision/dataset/core.py,method,DetectionDataset,as_pascal_voc,A,4,330,385
src/supervision/dataset/core.py,method,ClassificationDataset,as_folder_structure,A,4,897,919
src/supervision/dataset/utils.py,function,,map_detections_class_id,A,4,108,125
src/supervision/dataset/formats/coco.py,function,,save_coco_annotations,A,4,507,621
src/supervision/dataset/formats/pascal_voc.py,function,,parse_polygon_points,A,4,339,347
src/supervision/dataset/formats/yolo.py,function,,_is_int_like,A,4,100,109
src/supervision/detection/compact_mask.py,method,CompactMask,repack,A,4,984,1060
src/supervision/detection/core.py,method,Detections,from_inference,A,4,620,672
src/supervision/detection/core.py,method,Detections,from_sam,A,4,676,715
src/supervision/detection/line_zone.py,method,LineZone,_compute_anchor_sides,A,4,248,305
src/supervision/detection/line_zone.py,method,LineZoneAnnotator,_get_line_angle,A,4,456,479
src/supervision/detection/line_zone.py,method,LineZoneAnnotator,_make_label_image,A,4,641,710
src/supervision/detection/vlm.py,method,LMM,from_value,A,4,54,69
src/supervision/detection/vlm.py,method,VLM,from_value,A,4,101,112
src/supervision/detection/tools/polygon_zone.py,method,PolygonZoneAnnotator,annotate,A,4,155,203
src/supervision/detection/tools/transformers.py,function,,process_transformers_v5_semantic_or_instance_segmentation_result,A,4,112,144
src/supervision/detection/tools/transformers.py,function,,append_class_names_to_data,A,4,224,250
src/supervision/detection/utils/boxes.py,function,,spread_out_boxes,A,4,347,417
src/supervision/detection/utils/converters.py,function,,xyxy_to_mask,A,4,248,304
src/supervision/detection/utils/converters.py,function,,mask_to_rle,A,4,649,721
src/supervision/detection/utils/iou_and_nms.py,function,,box_iou,A,4,90,159
src/supervision/detection/utils/iou_and_nms.py,function,,_mask_iou_batch_split,A,4,672,733
src/supervision/detection/utils/iou_and_nms.py,method,OverlapFilter,from_value,A,4,39,50
src/supervision/detection/utils/iou_and_nms.py,method,OverlapMetric,from_value,A,4,75,86
src/supervision/detection/utils/masks.py,function,,contains_holes,A,4,151,198
src/supervision/draw/color.py,function,,_validate_color_hex,A,4,57,62
src/supervision/draw/color.py,method,Color,from_rgb_tuple,A,4,149,174
src/supervision/draw/color.py,method,Color,from_bgr_tuple,A,4,177,202
src/supervision/draw/color.py,method,ColorPalette,from_matplotlib,A,4,479,509
src/supervision/key_points/core.py,function,,_optional_array_equal,A,4,42,48
src/supervision/key_points/core.py,method,KeyPoints,__init__,A,4,245,296
src/supervision/key_points/core.py,method,KeyPoints,__iter__,A,4,345,366
src/supervision/key_points/core.py,method,KeyPoints,from_transformers,A,4,746,828
src/supervision/metrics/detection.py,method,MeanAveragePrecision,_match_detection_batch,A,4,1022,1064
src/supervision/metrics/f1_score.py,method,F1Score,update,A,4,92,121
src/supervision/metrics/f1_score.py,method,F1Score,_match_detection_batch,A,4,315,344
src/supervision/metrics/f1_score.py,method,F1Score,_compute_confusion_matrix,A,4,347,402
src/supervision/metrics/f1_score.py,method,F1Score,_make_empty_content,A,4,452,462
src/supervision/metrics/mean_average_precision.py,method,MeanAveragePrecisionResult,__str__,A,4,86,142
src/supervision/metrics/mean_average_recall.py,method,MeanAverageRecall,update,A,4,321,350
src/supervision/metrics/mean_average_recall.py,method,MeanAverageRecall,_match_detection_batch,A,4,508,536
src/supervision/metrics/mean_average_recall.py,method,MeanAverageRecall,_compute_confusion_matrix,A,4,539,599
src/supervision/metrics/mean_average_recall.py,method,MeanAverageRecall,_make_empty_content,A,4,647,660
src/supervision/metrics/precision.py,method,Precision,update,A,4,95,124
src/supervision/metrics/precision.py,method,Precision,_match_detection_batch,A,4,320,348
src/supervision/metrics/precision.py,method,Precision,_compute_confusion_matrix,A,4,351,405
src/supervision/metrics/precision.py,method,Precision,_make_empty_content,A,4,458,471
src/supervision/metrics/recall.py,method,Recall,update,A,4,95,124
src/supervision/metrics/recall.py,method,Recall,_compute_recall_for_classes,A,4,239,273
src/supervision/metrics/recall.py,method,Recall,_match_detection_batch,A,4,276,304
src/supervision/metrics/recall.py,method,Recall,_compute_confusion_matrix,A,4,307,361
src/supervision/metrics/recall.py,method,Recall,_make_empty_content,A,4,414,429
src/supervision/metrics/utils/object_size.py,function,,get_object_size_category,A,4,46,82
src/supervision/metrics/utils/object_size.py,function,,get_obb_size_category,A,4,168,211
src/supervision/tracker/byte_tracker/core.py,function,,sub_tracks,A,4,363,380
src/supervision/tracker/byte_tracker/single_object_track.py,method,STrack,re_activate,A,4,100,111
src/supervision/utils/file.py,method,NumpyJsonEncoder,default,A,4,12,19
src/supervision/utils/image.py,function,,crop_image,A,4,34,90
src/supervision/utils/image.py,function,,resize_image,A,4,146,206
src/supervision/utils/image.py,function,,get_image_resolution_wh,A,4,434,477
src/supervision/utils/image.py,function,,_prepare_default_titles_anchors,A,4,860,876
src/supervision/utils/internal.py,function,,wrapper,A,4,104,123
src/supervision/utils/iterables.py,function,,create_batches,A,4,7,42
src/supervision/validators/__init__.py,function,,_validate_xyxy,A,4,10,24
src/supervision/validators/__init__.py,function,,_validate_class_id,A,4,84,93
src/supervision/validators/__init__.py,function,,_validate_confidence,A,4,106,116
src/supervision/validators/__init__.py,function,,_validate_tracker_id,A,4,169,178
src/supervision/validators/__init__.py,function,,_validate_xy,A,4,216,223
src/supervision/validators/__init__.py,function,,_validate_keypoints_fields,A,4,292,309
src/supervision/annotators/core.py,method,RichLabelAnnotator,_draw_labels,A,5,1701,1762
src/supervision/annotators/utils.py,function,,get_labels_text,A,5,235,263
src/supervision/dataset/core.py,method,DetectionDataset,__init__,A,5,74,99
src/supervision/dataset/formats/pascal_voc.py,function,,load_pascal_voc_annotations,A,5,181,232
src/supervision/detection/compact_mask.py,function,,_rle_scale_col,A,5,128,190
src/supervision/detection/compact_mask.py,method,CompactMask,from_dense,A,5,476,549
src/supervision/detection/core.py,function,,merge_inner_detections_objects,A,5,2860,2884
src/supervision/detection/core.py,method,Detections,from_lmm,A,5,972,1458
src/supervision/detection/core.py,method,Detections,area,A,5,2367,2412
src/supervision/detection/line_zone.py,method,LineZoneAnnotator,annotate,A,5,386,454
src/supervision/detection/tools/csv_sink.py,method,CSVSink,_slice_value,A,5,119,142
src/supervision/detection/tools/inference_slicer.py,function,,move_detections,A,5,23,61
src/supervision/detection/tools/inference_slicer.py,method,InferenceSlicer,_validate_overlap,A,5,453,470
src/supervision/detection/tools/inference_slicer.py,function,,_compute_axis_starts,A,5,413,428
src/supervision/detection/tools/json_sink.py,method,JSONSink,_slice_value,A,5,122,145
src/supervision/detection/tools/transformers.py,function,,process_transformers_v4_segmentation_result,A,5,43,78
src/supervision/detection/utils/converters.py,function,,_base48_encode,A,5,382,415
src/supervision/detection/utils/converters.py,function,,rle_to_mask,A,5,575,646
src/supervision/detection/utils/internal.py,function,,extract_ultralytics_masks,A,5,18,51
src/supervision/detection/utils/internal.py,function,,is_metadata_equal,A,5,220,237
src/supervision/detection/utils/iou_and_nms.py,function,,box_iou_batch,A,5,162,261
src/supervision/detection/utils/iou_and_nms.py,function,,mask_non_max_suppression,A,5,832,896
src/supervision/detection/utils/iou_and_nms.py,function,,_group_overlapping_masks,A,5,973,1027
src/supervision/detection/utils/masks.py,function,,move_masks,A,5,12,87
src/supervision/detection/utils/masks.py,function,,calculate_masks_centroids,A,5,90,147
src/supervision/draw/color.py,method,Color,from_rgba_tuple,A,5,205,232
src/supervision/draw/color.py,method,Color,from_bgra_tuple,A,5,235,262
src/supervision/draw/color.py,method,Color,__eq__,A,5,395,401
src/supervision/key_points/annotators.py,method,_BaseVertexEllipseAnnotator,_decompose_covariance,A,5,315,328
src/supervision/key_points/annotators.py,method,VertexEllipseAreaAnnotator,annotate,A,5,406,468
src/supervision/key_points/annotators.py,method,VertexEllipseOutlineAnnotator,annotate,A,5,504,565
src/supervision/metrics/detection.py,method,ConfusionMatrix,__eq__,A,5,225,232
src/supervision/metrics/detection.py,method,MeanAveragePrecision,_average_precisions_per_class,A,5,1067,1120
src/supervision/metrics/f1_score.py,method,F1Score,_compute_f1_for_classes,A,5,259,312
src/supervision/metrics/f1_score.py,method,F1ScoreResult,plot,A,5,660,722
src/supervision/metrics/mean_average_precision.py,method,MeanAveragePrecisionResult,plot,A,5,180,246
src/supervision/metrics/mean_average_recall.py,method,MeanAverageRecallResult,plot,A,5,185,256
src/supervision/metrics/precision.py,method,Precision,_compute_precision_for_classes,A,5,262,317
src/supervision/metrics/precision.py,method,PrecisionResult,plot,A,5,673,735
src/supervision/metrics/recall.py,method,RecallResult,plot,A,5,627,689
src/supervision/tracker/byte_tracker/single_object_track.py,method,STrack,predict,A,5,51,59
src/supervision/utils/file.py,function,,read_txt_file,A,5,92,126
src/supervision/utils/image.py,function,,_draw_texts,A,5,816,857
src/supervision/annotators/core.py,method,OrientedBoxAnnotator,annotate,B,6,301,361
src/supervision/annotators/core.py,method,PolygonAnnotator,annotate,B,6,539,603
src/supervision/annotators/core.py,method,HaloAnnotator,annotate,B,6,730,797
src/supervision/annotators/core.py,method,DotAnnotator,annotate,B,6,1122,1194
src/supervision/annotators/core.py,method,LabelAnnotator,_draw_labels,B,6,1387,1467
src/supervision/annotators/core.py,method,BlurAnnotator,annotate,B,6,1914,1971
src/supervision/annotators/core.py,method,HeatMapAnnotator,annotate,B,6,2155,2228
src/supervision/annotators/core.py,method,TriangleAnnotator,annotate,B,6,2364,2444
src/supervision/annotators/core.py,method,RoundBoxAnnotator,annotate,B,6,2480,2580
src/supervision/annotators/core.py,method,PercentageBarAnnotator,annotate,B,6,2624,2719
src/supervision/annotators/core.py,method,CropAnnotator,annotate,B,6,2823,2901
src/supervision/annotators/core.py,method,BackgroundOverlayAnnotator,annotate,B,6,2978,3029
src/supervision/annotators/core.py,method,ComparisonAnnotator,annotate,B,6,3081,3158
src/supervision/assets/downloader.py,function,,download_assets,B,6,41,95
src/supervision/dataset/core.py,method,DetectionDataset,split,B,6,157,228
src/supervision/dataset/core.py,method,ClassificationDataset,split,B,6,824,895
src/supervision/dataset/formats/pascal_voc.py,function,,detections_to_pascal_voc,B,6,84,178
src/supervision/detection/core.py,method,Detections,__iter__,B,6,180,203
src/supervision/detection/core.py,method,Detections,from_transformers,B,6,492,567
src/supervision/detection/line_zone.py,method,LineZone,_update_class_id_to_name,B,6,307,327
src/supervision/detection/vlm.py,function,,from_paligemma,B,6,215,257
src/supervision/detection/vlm.py,function,,recover_truncated_qwen_2_5_vl_response,B,6,260,302
src/supervision/detection/tools/csv_sink.py,method,CSVSink,append,B,6,196,230
src/supervision/detection/utils/converters.py,function,,_base48_decode,B,6,332,379
src/supervision/detection/utils/iou_and_nms.py,function,,box_iou_batch_with_jaccard,B,6,304,360
src/supervision/detection/utils/vlms.py,function,,edit_distance,B,6,4,62
src/supervision/key_points/core.py,method,KeyPoints,from_yolo_nas,B,6,637,691
src/supervision/key_points/core.py,method,KeyPoints,as_detections,B,6,1224,1294
src/supervision/metrics/f1_score.py,method,F1ScoreResult,__str__,B,6,562,628
src/supervision/metrics/mean_average_precision.py,method,COCOEvaluator,_prepare_targets_and_predictions,B,6,625,657
src/supervision/metrics/mean_average_precision.py,method,COCOEvaluator,evaluate,B,6,1192,1223
src/supervision/metrics/mean_average_recall.py,method,MeanAverageRecallResult,__str__,B,6,85,152
src/supervision/metrics/precision.py,method,PrecisionResult,__str__,B,6,571,641
src/supervision/metrics/recall.py,method,RecallResult,__str__,B,6,527,595
src/supervision/metrics/utils/object_size.py,function,,get_detection_size_category,B,6,214,241
src/supervision/tracker/byte_tracker/core.py,method,ByteTrack,update_with_detections,B,6,83,155
src/supervision/tracker/byte_tracker/single_object_track.py,method,STrack,update,B,6,113,137
src/supervision/utils/image.py,function,,overlay_image,B,6,283,352
src/supervision/annotators/core.py,method,BoxCornerAnnotator,annotate,B,7,926,991
src/supervision/annotators/core.py,method,IconAnnotator,annotate,B,7,1812,1881
src/supervision/annotators/core.py,method,PercentageBarAnnotator,_validate_custom_values,B,7,2751,2775
src/supervision/annotators/core.py,method,ComparisonAnnotator,_use_obb,B,7,3161,3168
src/supervision/annotators/core.py,method,ComparisonAnnotator,_use_mask,B,7,3172,3179
src/supervision/detection/compact_mask.py,function,,_rle_join_cols,B,7,193,246
src/supervision/detection/compact_mask.py,method,CompactMask,merge,B,7,924,982
src/supervision/detection/core.py,method,Detections,from_easyocr,B,7,1961,2002
src/supervision/detection/core.py,method,Detections,with_nms,B,7,2463,2538
src/supervision/detection/tools/inference_slicer.py,method,InferenceSlicer,_normalize_slice_wh,B,7,338,359
src/supervision/detection/tools/inference_slicer.py,method,InferenceSlicer,_normalize_overlap_wh,B,7,363,385
src/supervision/detection/utils/iou_and_nms.py,function,,mask_non_max_merge,B,7,1030,1102
src/supervision/detection/utils/iou_and_nms.py,function,,_non_max_merge_per_category,B,7,1136,1166
src/supervision/detection/utils/polygons.py,function,,approximate_polygon,B,7,44,116
src/supervision/key_points/annotators.py,method,VertexLabelAnnotator,_resolve_labels,B,7,930,957
src/supervision/key_points/core.py,method,KeyPoints,from_inference,B,7,388,468
src/supervision/key_points/core.py,method,KeyPoints,with_nms,B,7,1136,1222
src/supervision/metrics/detection.py,method,MeanAveragePrecision,from_tensors,B,7,887,980
src/supervision/metrics/f1_score.py,method,F1Score,_detections_content,B,7,434,450
src/supervision/metrics/f1_score.py,method,F1ScoreResult,to_pandas,B,7,630,658
src/supervision/metrics/mean_average_precision.py,method,MeanAveragePrecisionResult,to_pandas,B,7,145,177
src/supervision/metrics/mean_average_recall.py,method,MeanAverageRecallResult,to_pandas,B,7,154,183
src/supervision/metrics/mean_average_recall.py,method,MeanAverageRecall,_detections_content,B,7,629,645
src/supervision/metrics/precision.py,method,Precision,_detections_content,B,7,440,456
src/supervision/metrics/precision.py,method,PrecisionResult,to_pandas,B,7,643,671
src/supervision/metrics/recall.py,method,Recall,_detections_content,B,7,396,412
src/supervision/metrics/recall.py,method,RecallResult,to_pandas,B,7,597,625
src/supervision/tracker/byte_tracker/core.py,function,,remove_duplicate_tracks,B,7,383,405
src/supervision/tracker/byte_tracker/single_object_track.py,method,STrack,multi_predict,B,7,63,80
src/supervision/utils/video.py,function,,_mux_audio,B,7,140,204
src/supervision/utils/video.py,function,,get_video_frames_generator,B,7,231,280
src/supervision/validators/__init__.py,function,,_validate_keypoint_confidence,B,7,129,147
src/supervision/validators/__init__.py,function,,_validate_visible,B,7,236,255
src/supervision/validators/__init__.py,function,,_validate_resolution,B,7,334,354
src/supervision/annotators/core.py,function,,_paint_masks_by_area,B,8,365,420
src/supervision/dataset/core.py,method,DetectionDataset,__eq__,B,8,135,155
src/supervision/dataset/core.py,method,DetectionDataset,as_yolo,B,8,504,575
src/supervision/dataset/core.py,method,ClassificationDataset,__eq__,B,8,802,822
src/supervision/dataset/formats/coco.py,function,,coco_annotations_to_masks,B,8,96,142
src/supervision/dataset/formats/coco.py,function,,load_coco_annotations,B,8,396,500
src/supervision/detection/core.py,method,Detections,merge,B,8,2111,2214
src/supervision/detection/core.py,method,Detections,__getitem__,B,8,2282,2328
src/supervision/detection/tools/smoother.py,method,DetectionsSmoother,update_with_detections,B,8,100,131
src/supervision/detection/tools/smoother.py,method,DetectionsSmoother,get_smoothed_detections,B,8,166,184
src/supervision/draw/color.py,method,Color,from_hex,B,8,106,146
src/supervision/key_points/annotators.py,method,VertexAnnotator,annotate,B,8,51,108
src/supervision/metrics/mean_average_precision.py,method,EvaluationDataset,get_image_ids,B,8,414,443
src/supervision/metrics/mean_average_precision.py,function,,_summarize,B,8,1102,1143
src/supervision/tracker/byte_tracker/matching.py,function,,iou_distance,B,8,44,62
src/supervision/utils/image.py,function,,_establish_grid_size,B,8,739,753
src/supervision/utils/internal.py,function,,get_instance_variables,B,8,169,208
src/supervision/validators/__init__.py,function,,_validate_mask,B,8,37,62
src/supervision/annotators/utils.py,function,,resolve_color_idx,B,9,40,77
src/supervision/dataset/formats/coco.py,function,,coco_annotations_to_detections,B,9,145,213
src/supervision/dataset/formats/yolo.py,function,,load_yolo_annotations,B,9,187,271
src/supervision/detection/compact_mask.py,function,,_rle_resize,B,9,249,330
src/supervision/detection/compact_mask.py,method,CompactMask,__getitem__,B,9,795,861
src/supervision/detection/compact_mask.py,method,CompactMask,with_offset,B,9,1067,1185
src/supervision/detection/compact_mask.py,method,CompactMask,resize,B,9,1192,1306
src/supervision/detection/core.py,method,Detections,with_nmm,B,9,2540,2632
src/supervision/detection/vlm.py,function,,_validate_vlm_parameters,B,9,163,203
src/supervision/detection/vlm.py,function,,from_deepseek_vl_2,B,9,424,492
src/supervision/detection/vlm.py,function,,from_moondream,B,9,855,916
src/supervision/detection/tools/csv_sink.py,method,CSVSink,parse_detection_data,B,9,145,194
src/supervision/detection/tools/smoother.py,method,DetectionsSmoother,get_track,B,9,133,164
src/supervision/detection/utils/polygons.py,function,,filter_polygons_by_area,B,9,8,40
src/supervision/draw/utils.py,function,,draw_image,B,9,301,368
src/supervision/key_points/annotators.py,method,VertexEllipseHaloAnnotator,annotate,B,9,606,697
src/supervision/metrics/detection.py,function,,_validate_input_tensors,B,9,146,183
src/supervision/metrics/f1_score.py,method,F1Score,_filter_detections_by_size,B,9,464,488
src/supervision/metrics/mean_average_precision.py,method,COCOEvaluator,_compute_iou,B,9,659,698
src/supervision/metrics/mean_average_precision.py,method,MeanAveragePrecision,update,B,9,1295,1335
src/supervision/metrics/mean_average_recall.py,method,MeanAverageRecall,_filter_detections_by_size,B,9,662,686
src/supervision/metrics/precision.py,method,Precision,_filter_detections_by_size,B,9,473,497
src/supervision/metrics/recall.py,method,Recall,_filter_detections_by_size,B,9,431,455
src/supervision/utils/image.py,function,,create_tiles,B,9,565,703
src/supervision/utils/notebook.py,function,,plot_images_grid,B,9,50,117
src/supervision/utils/video.py,function,,_validate_and_setup_video,B,9,207,228
src/supervision/validators/__init__.py,function,,_validate_data,B,9,191,204
src/supervision/annotators/core.py,method,TraceAnnotator,annotate,B,10,2017,2116
src/supervision/annotators/core.py,method,PixelateAnnotator,annotate,B,10,2250,2322
src/supervision/annotators/utils.py,function,,wrap_text,B,10,159,202
src/supervision/detection/core.py,method,Detections,from_azure_analyze_image,B,10,843,926
src/supervision/detection/tools/json_sink.py,method,JSONSink,parse_detection_data,B,10,148,198
src/supervision/detection/utils/iou_and_nms.py,function,,compact_mask_iou_batch,B,10,569,669
src/supervision/key_points/annotators.py,method,_BaseVertexEllipseAnnotator,_iter_ellipse_params,B,10,330,367
src/supervision/key_points/core.py,function,,_normalize_row_index,B,10,51,71
src/supervision/metrics/detection.py,function,,detections_to_tensor,B,10,29,143
src/supervision/metrics/mean_average_precision.py,method,EvaluationDataset,create_class_members,B,10,284,312
src/supervision/annotators/core.py,method,PercentageBarAnnotator,calculate_border_coordinates,C,11,2722,2748
src/supervision/annotators/core.py,method,CropAnnotator,calculate_crop_coordinates,C,11,2904,2942
src/supervision/annotators/utils.py,function,,resolve_text_background_xyxy,C,11,80,129
src/supervision/dataset/formats/yolo.py,function,,yolo_annotations_to_detections,C,11,138,184
src/supervision/detection/core.py,method,Detections,from_ultralytics,C,11,254,333
src/supervision/detection/core.py,function,,stack_or_none,C,11,2182,2195
src/supervision/detection/line_zone.py,method,LineZone,trigger,C,11,145,214
src/supervision/key_points/annotators.py,method,_BaseVertexEllipseAnnotator,__init__,C,11,268,296
src/supervision/metrics/mean_average_precision.py,method,MeanAveragePrecision,_prepare_predictions,C,11,1399,1448
src/supervision/metrics/mean_average_recall.py,method,MeanAverageRecall,_compute,C,11,381,468
src/supervision/metrics/recall.py,method,Recall,_compute,C,11,155,236
src/supervision/dataset/formats/pascal_voc.py,function,,detections_from_xml_obj,C,12,235,332
src/supervision/detection/compact_mask.py,function,,_rle_split_cols,C,12,49,125
src/supervision/detection/core.py,function,,merge_inner_detection_object_pair,C,12,2767,2855
src/supervision/detection/core.py,method,Detections,get_anchors_coordinates,C,12,2217,2280
src/supervision/detection/line_zone.py,method,LineZoneAnnotatorMulticlass,annotate,C,12,769,873
src/supervision/detection/tools/inference_slicer.py,method,InferenceSlicer,_run_callback,C,12,275,335
src/supervision/detection/utils/iou_and_nms.py,function,,oriented_box_non_max_suppression,C,12,1238,1330
src/supervision/detection/utils/iou_and_nms.py,function,,oriented_box_non_max_merge,C,12,1358,1453
src/supervision/detection/utils/masks.py,function,,filter_segments_by_distance,C,12,291,426
src/supervision/key_points/core.py,method,KeyPoints,from_mediapipe,C,12,472,594
src/supervision/utils/file.py,function,,list_files_with_extensions,C,12,22,89
src/supervision/dataset/core.py,method,DetectionDataset,merge,C,13,231,327
src/supervision/dataset/formats/yolo.py,function,,detections_to_yolo_annotations,C,13,296,419
src/supervision/detection/vlm.py,function,,from_google_gemini_2_0,C,13,591,675
src/supervision/detection/utils/internal.py,function,,get_data_item,C,13,356,393
src/supervision/key_points/annotators.py,method,VertexLabelAnnotator,annotate,C,13,740,905
src/supervision/dataset/formats/yolo.py,function,,_extract_class_names,C,14,70,129
src/supervision/detection/utils/internal.py,function,,merge_metadata,C,14,302,353
src/supervision/detection/utils/iou_and_nms.py,function,,mask_iou_batch,C,14,736,829
src/supervision/metrics/mean_average_precision.py,method,EvaluationDataset,get_category_ids,C,14,368,412
src/supervision/metrics/mean_average_precision.py,method,EvaluationDataset,load_predictions,C,14,459,523
src/supervision/dataset/formats/coco.py,function,,detections_to_coco_annotations,C,15,217,354
src/supervision/detection/core.py,function,,_merge_detection_group,C,15,2678,2762
src/supervision/detection/vlm.py,function,,from_florence_2,C,15,495,588
src/supervision/key_points/core.py,method,KeyPoints,_get_by_2d_bool_mask,C,15,830,922
src/supervision/metrics/detection.py,method,ConfusionMatrix,plot,C,15,660,747
src/supervision/metrics/f1_score.py,method,F1Score,_compute,C,15,152,256
src/supervision/metrics/precision.py,method,Precision,_compute,C,15,155,259
src/supervision/detection/vlm.py,function,,from_qwen_2_5_vl,C,16,305,394
src/supervision/key_points/annotators.py,method,EdgeAnnotator,annotate,C,16,141,258
src/supervision/utils/video.py,function,,process_video,C,16,283,456
src/supervision/detection/core.py,method,Detections,from_sam3,C,17,718,839
src/supervision/detection/tools/inference_slicer.py,method,InferenceSlicer,__call__,C,17,178,273
src/supervision/metrics/mean_average_precision.py,method,EvaluationDataset,get_annotation_ids,C,17,314,366
src/supervision/metrics/mean_average_precision.py,method,MeanAveragePrecision,_prepare_targets,C,17,1337,1396
src/supervision/detection/utils/internal.py,function,,merge_data,C,18,241,299
src/supervision/detection/core.py,method,Detections,from_vlm,C,20,1461,1958
src/supervision/detection/utils/iou_and_nms.py,function,,oriented_box_iou_batch,C,20,426,566
src/supervision/detection/utils/internal.py,function,,process_roboflow_result,D,22,54,198
src/supervision/metrics/detection.py,method,ConfusionMatrix,evaluate_detection_batch,D,22,414,574
src/supervision/tracker/byte_tracker/core.py,method,ByteTrack,update_with_tensors,D,26,173,334
src/supervision/metrics/mean_average_precision.py,method,COCOEvaluator,_evaluate_image,D,28,700,822
src/supervision/metrics/mean_average_precision.py,method,COCOEvaluator,_accumulate,D,29,825,1094
src/supervision/detection/vlm.py,function,,from_google_gemini_2_5,E,33,678,851
src/supervision/key_points/core.py,method,KeyPoints,__getitem__,E,39,925,1059
